# {"t_start": 1625467153.2677689, "env_id": "dVRLPickPlaceTarget-v0"} 
r,l,t
-100.0,100,53.957173
-100.0,100,94.372886
-100.0,100,134.328981
-100.0,100,174.241038
-100.0,100,214.221669
-100.0,100,254.245187
-100.0,100,293.900674
-100.0,100,333.452877
-100.0,100,373.160961
-100.0,100,412.677767
-100.0,100,452.496652
-100.0,100,492.429627
-100.0,100,532.397281
-100.0,100,572.296566
-100.0,100,611.752609
-100.0,100,651.585471
-100.0,100,691.496763
-100.0,100,731.185086
-100.0,100,771.092856
-100.0,100,810.852722
-100.0,100,850.876766
-100.0,100,890.868902
-100.0,100,930.489168
-100.0,100,970.376708
-100.0,100,1010.413668
-100.0,100,1050.216833
-100.0,100,1090.137725
-100.0,100,1130.10139
-100.0,100,1169.840786
-100.0,100,1209.569456
-100.0,100,1249.124884
-100.0,100,1289.013615
-100.0,100,1329.069508
-100.0,100,1369.157112
-100.0,100,1409.080993
-100.0,100,1448.908788
-100.0,100,1488.541077
-100.0,100,1528.477202
-100.0,100,1568.237066
-100.0,100,1608.060814
-100.0,100,1647.980548
-100.0,100,1687.657028
-100.0,100,1727.569162
-100.0,100,1767.584639
-99.0,100,1807.293368
-100.0,100,1847.316824
-100.0,100,1887.20875
-100.0,100,1927.217185
-100.0,100,1967.132824
-100.0,100,2007.169286
-100.0,100,2046.845545
-100.0,100,2085.569538
-100.0,100,2124.316862
-46.0,100,2162.869432
-100.0,100,2201.344974
-100.0,100,2239.937254
-100.0,100,2278.660739
-100.0,100,2317.181352
-100.0,100,2356.013066
-65.0,100,2394.601259
-100.0,100,2433.425566
-100.0,100,2473.376918
-100.0,100,2513.132772
-50.0,100,2553.176831
-100.0,100,2592.793365
-100.0,100,2632.637751
-100.0,100,2672.640993
-100.0,100,2712.441154
-100.0,100,2752.136531
-83.0,100,2792.128737
-100.0,100,2831.884688
-100.0,100,2871.905382
-100.0,100,2911.725055
-100.0,100,2951.361794
-100.0,100,2991.268928
-100.0,100,3031.008711
-94.0,100,3070.709737
-100.0,100,3110.764934
-100.0,100,3150.708694
-100.0,100,3190.68903
-81.0,100,3230.481022
-65.0,100,3270.169599
-100.0,100,3309.945469
-100.0,100,3349.745743
-43.0,100,3389.64879
-100.0,100,3429.528823
-90.0,100,3469.612694
-100.0,100,3509.508977
-80.0,100,3549.241243
-100.0,100,3589.213092
-100.0,100,3628.917629
-100.0,100,3668.784659
-100.0,100,3708.813679
-98.0,100,3748.581334
-43.0,100,3788.304579
-100.0,100,3828.105515
-100.0,100,3868.161003
-100.0,100,3908.201435
-81.0,100,3948.476958
-43.0,100,3988.512778
-100.0,100,4028.613515
-100.0,100,4068.489747
-100.0,100,4108.344997
-100.0,100,4148.057582
-100.0,100,4187.865261
-100.0,100,4227.813122
-100.0,100,4267.760587
-100.0,100,4307.900664
-100.0,100,4347.725624
-100.0,100,4387.765359
-100.0,100,4427.896988
-37.0,100,4466.504676
-100.0,100,4505.389718
-100.0,100,4544.128869
-69.0,100,4582.681303
-100.0,100,4621.581265
-38.0,100,4660.149465
-100.0,100,4698.996916
-100.0,100,4737.641439
-100.0,100,4776.28099
-100.0,100,4814.949278
-55.0,100,4854.753053
-100.0,100,4894.793491
-100.0,100,4934.620684
-100.0,100,4974.417098
-100.0,100,5014.217262
-60.0,100,5053.989339
-82.0,100,5093.736763
-83.0,100,5133.732925
-83.0,100,5173.800948
-100.0,100,5213.949009
-91.0,100,5254.012662
-91.0,100,5294.037202
-100.0,100,5333.820674
-100.0,100,5373.660835
-100.0,100,5413.676812
-90.0,100,5453.417307
-100.0,100,5493.317408
-100.0,100,5533.420651
-46.0,100,5573.284725
-99.0,100,5613.236761
-74.0,100,5653.165288
-100.0,100,5693.053226
-56.0,100,5732.841417
-46.0,100,5773.193247
-100.0,100,5813.092773
-69.0,100,5852.725418
-51.0,100,5892.404934
-97.0,100,5932.241348
-100.0,100,5972.393369
-80.0,100,6012.213772
-29.0,100,6052.133224
-95.0,100,6092.305335
-48.0,100,6132.124624
-98.0,100,6171.937154
-56.0,100,6212.01776
-60.0,100,6252.037581
-80.0,100,6291.692652
-67.0,100,6331.800915
-86.0,100,6371.705051
-52.0,100,6411.705504
-54.0,100,6451.537539
-85.0,100,6491.568997
-55.0,100,6531.885124
-75.0,100,6571.677394
-44.0,100,6611.704857
-100.0,100,6651.69334
-45.0,100,6691.60153
-72.0,100,6732.072895
-42.0,100,6772.141059
-39.0,100,6812.017213
-38.0,100,6850.632672
-38.0,100,6889.43356
-39.0,100,6927.905227
-38.0,100,6966.464936
-39.0,100,7005.264766
-61.0,100,7043.757603
-43.0,100,7082.460971
-39.0,100,7121.056996
-43.0,100,7159.641416
-33.0,100,7198.381298
-99.0,100,7238.773332
-84.0,100,7279.033792
-100.0,100,7318.989354
-39.0,100,7358.744831
-100.0,100,7398.728611
-50.0,100,7439.160879
-53.0,100,7479.400975
-56.0,100,7519.692792
-100.0,100,7559.825418
-56.0,100,7599.785312
-33.0,100,7639.877537
-71.0,100,7679.965272
-78.0,100,7719.937405
-50.0,100,7760.125381
-75.0,100,7799.993357
-69.0,100,7839.844901
-38.0,100,7879.804722
-56.0,100,7919.760898
-48.0,100,7959.77274
-100.0,100,7999.881186
-60.0,100,8039.856941
-59.0,100,8079.957034
-75.0,100,8119.925055
-42.0,100,8159.677132
-41.0,100,8199.656836
-45.0,100,8239.641506
-96.0,100,8279.377312
-69.0,100,8318.976652
-52.0,100,8358.693373
-80.0,100,8398.573348
-55.0,100,8438.452859
-50.0,100,8478.561619
-85.0,100,8519.008797
-52.0,100,8558.721319
-68.0,100,8598.689412
-54.0,100,8639.024601
-47.0,100,8679.021064
-38.0,100,8718.969505
-99.0,100,8758.781057
-38.0,100,8799.013624
-58.0,100,8839.025215
-51.0,100,8879.225332
-70.0,100,8919.313426
-68.0,100,8959.301044
-65.0,100,8999.312703
-82.0,100,9039.429262
-69.0,100,9079.416778
-65.0,100,9119.280648
-86.0,100,9159.092687
-100.0,100,9198.981325
-38.0,100,9237.745197
-31.0,100,9276.628915
-46.0,100,9315.300667
-40.0,100,9354.013096
-41.0,100,9392.681066
-73.0,100,9431.212587
-39.0,100,9469.79309
-38.0,100,9508.624783
-100.0,100,9547.109156
-73.0,100,9585.569736
-32.0,100,9625.509253
-43.0,100,9665.505336
-69.0,100,9705.256537
-99.0,100,9745.045371
-92.0,100,9785.009034
-42.0,100,9824.853259
-46.0,100,9865.184971
-37.0,100,9905.068719
-100.0,100,9945.14496
-62.0,100,9985.173365
-47.0,100,10025.245419
-52.0,100,10065.193753
-52.0,100,10105.133492
-76.0,100,10145.12101
-65.0,100,10184.965492
-69.0,100,10224.684632
-77.0,100,10264.665321
-100.0,100,10304.625104
-48.0,100,10344.489325
-43.0,100,10384.441546
-100.0,100,10424.232901
-40.0,100,10464.437042
-41.0,100,10504.152732
-60.0,100,10544.141523
-46.0,100,10583.988623
-41.0,100,10624.033506
-48.0,100,10664.58862
-45.0,100,10704.840803
-76.0,100,10744.864706
-40.0,100,10784.772816
-92.0,100,10824.948797
-40.0,100,10865.496903
-86.0,100,10905.569564
-47.0,100,10945.88896
-72.0,100,10986.084911
-56.0,100,11026.100995
-57.0,100,11065.93328
-50.0,100,11106.00454
-48.0,100,11146.484941
-45.0,100,11186.797008
-45.0,100,11226.909573
-47.0,100,11266.892715
-46.0,100,11306.805576
-38.0,100,11346.877192
-57.0,100,11387.049347
-48.0,100,11427.45729
-41.0,100,11467.205069
-32.0,100,11507.041495
-46.0,100,11547.277739
-53.0,100,11587.144849
-39.0,100,11625.765617
-39.0,100,11664.46505
-60.0,100,11703.197169
-86.0,100,11741.69709
-39.0,100,11780.16519
-100.0,100,11818.816592
-39.0,100,11857.477634
-39.0,100,11896.145217
-39.0,100,11934.693347
-45.0,100,11973.18906
-63.0,100,12012.885577
-55.0,100,12052.557497
-43.0,100,12092.617205
-100.0,100,12132.660693
-58.0,100,12172.664673
-85.0,100,12212.561541
-41.0,100,12252.757439
-100.0,100,12292.82922
-39.0,100,12332.532821
-57.0,100,12372.497388
-47.0,100,12412.64953
-72.0,100,12453.081395
-48.0,100,12493.201367
-45.0,100,12533.073611
-55.0,100,12573.160661
-82.0,100,12613.033632
-46.0,100,12653.020946
-41.0,100,12693.116658
-51.0,100,12732.953138
-42.0,100,12773.269126
-59.0,100,12813.012576
-48.0,100,12852.78886
-41.0,100,12892.928591
-100.0,100,12933.205069
-100.0,100,12973.436681
-39.0,100,13013.157233
-73.0,100,13053.140727
-44.0,100,13093.172959
-58.0,100,13133.365532
-41.0,100,13173.48495
-42.0,100,13213.665138
-41.0,100,13253.849273
-81.0,100,13294.197178
-51.0,100,13334.409531
-57.0,100,13374.380736
-53.0,100,13414.317372
-78.0,100,13454.300817
-45.0,100,13494.092835
-49.0,100,13534.265002
-99.0,100,13574.257546
-85.0,100,13614.544741
-46.0,100,13654.413061
-100.0,100,13694.409255
-78.0,100,13734.97264
-48.0,100,13774.780821
-100.0,100,13814.797468
-70.0,100,13854.996694
-41.0,100,13894.988579
-41.0,100,13934.945212
-50.0,100,13974.893502
-43.0,100,14013.597214
-44.0,100,14052.336983
-94.0,100,14091.173537
-37.0,100,14129.876714
-36.0,100,14168.592992
-25.0,100,14207.449992
-37.0,100,14246.321438
-100.0,100,14284.960997
-37.0,100,14323.54096
-30.0,100,14362.237015
-93.0,100,14402.116871
-41.0,100,14442.381789
-43.0,100,14482.492928
-64.0,100,14522.588642
-100.0,100,14562.860866
-38.0,100,14603.205066
-47.0,100,14643.188829
-42.0,100,14683.084706
-82.0,100,14723.465633
-86.0,100,14763.664842
-100.0,100,14803.841583
-55.0,100,14843.973099
-100.0,100,14883.861032
-39.0,100,14924.425444
-47.0,100,14964.880575
-90.0,100,15004.929484
-42.0,100,15045.137024
-42.0,100,15085.072807
-55.0,100,15125.097693
-44.0,100,15165.033061
-38.0,100,15205.22119
-53.0,100,15245.29703
-99.0,100,15285.608621
-49.0,100,15325.449224
-100.0,100,15365.67709
-50.0,100,15405.509237
-28.0,100,15445.472621
-100.0,100,15485.829533
-95.0,100,15525.980704
-38.0,100,15566.081444
-34.0,100,15606.056694
-45.0,100,15646.12962
-55.0,100,15686.104728
-59.0,100,15726.21654
-67.0,100,15766.105565
-53.0,100,15806.401169
-100.0,100,15846.360574
-44.0,100,15886.057212
-43.0,100,15925.721218
-44.0,100,15966.257249
-44.0,100,16006.100871
-44.0,100,16046.221057
-47.0,100,16086.193651
-67.0,100,16126.288854
-37.0,100,16166.601507
-93.0,100,16206.701029
-40.0,100,16246.585116
-49.0,100,16286.832808
-45.0,100,16327.133573
-75.0,100,16367.000508
-37.0,100,16405.537173
-51.0,100,16444.328803
-30.0,100,16482.829497
-25.0,100,16521.353565
-32.0,100,16559.988906
-100.0,100,16598.681443
-51.0,100,16637.181422
-39.0,100,16675.885458
-60.0,100,16714.509243
-43.0,100,16753.073577
-40.0,100,16793.204816
-48.0,100,16833.584914
-62.0,100,16873.657157
-71.0,100,16913.833595
-100.0,100,16954.372844
-34.0,100,16994.517002
-50.0,100,17034.209157
-96.0,100,17074.065314
-100.0,100,17114.364718
-43.0,100,17154.509459
-40.0,100,17194.821379
-53.0,100,17234.845271
-44.0,100,17274.924644
-38.0,100,17314.69722
-50.0,100,17355.177541
-82.0,100,17395.201452
-62.0,100,17435.44494
-44.0,100,17475.676612
-89.0,100,17515.777186
-45.0,100,17555.764738
-48.0,100,17595.920544
-39.0,100,17636.180946
-47.0,100,17676.192944
-33.0,100,17716.181339
-100.0,100,17756.457484
-100.0,100,17796.480817
-51.0,100,17836.380716
-56.0,100,17876.453628
-56.0,100,17916.661464
-52.0,100,17957.172957
-57.0,100,17997.452611
-43.0,100,18037.008741
-77.0,100,18077.045536
-100.0,100,18116.897202
-46.0,100,18156.736812
-51.0,100,18196.601274
-73.0,100,18236.3773
-61.0,100,18276.392691
-66.0,100,18316.816646
-95.0,100,18356.533177
-37.0,100,18396.449601
-100.0,100,18436.973609
-49.0,100,18476.889576
-100.0,100,18516.753027
-100.0,100,18557.192961
-52.0,100,18597.636739
-100.0,100,18637.740498
-42.0,100,18677.764643
-43.0,100,18717.468822
-40.0,100,18757.7445
-37.0,100,18796.37305
-42.0,100,18834.924741
-42.0,100,18873.629594
-39.0,100,18912.33286
-100.0,100,18950.944751
-41.0,100,18989.649225
-18.0,100,19028.321441
-38.0,100,19066.977795
-38.0,100,19105.52525
-55.0,100,19143.996943
-44.0,100,19183.797544
-38.0,100,19223.900568
-67.0,100,19264.369387
-32.0,100,19304.917605
-46.0,100,19345.461218
-73.0,100,19385.520742
-36.0,100,19425.940733
-100.0,100,19465.845444
-69.0,100,19505.905446
-30.0,100,19546.581097
-44.0,100,19586.772884
-52.0,100,19626.529168
-45.0,100,19666.801053
-100.0,100,19706.741799
-51.0,100,19747.273062
-45.0,100,19787.85323
-100.0,100,19827.91674
-100.0,100,19867.973179
-100.0,100,19908.440614
-94.0,100,19948.305597
-100.0,100,19988.19744
-49.0,100,20028.464806
-28.0,100,20068.256868
-52.0,100,20108.561198
-100.0,100,20148.756734
-50.0,100,20188.812968
-52.0,100,20228.801004
-41.0,100,20268.973445
-43.0,100,20308.980726
-31.0,100,20349.676925
-42.0,100,20389.821047
-54.0,100,20429.841308
-62.0,100,20469.50518
-56.0,100,20509.353437
-45.0,100,20549.425567
-74.0,100,20589.336882
-50.0,100,20629.285301
-86.0,100,20669.508801
-76.0,100,20709.284959
-64.0,100,20749.601705
-40.0,100,20789.872634
-46.0,100,20829.9497
-66.0,100,20870.109536
-100.0,100,20910.220916
-57.0,100,20950.600677
-46.0,100,20990.713258
-29.0,100,21030.416812
-100.0,100,21070.660994
-100.0,100,21110.60466
-38.0,100,21150.629569
-37.0,100,21189.388763
-39.0,100,21228.181447
-37.0,100,21266.937639
-27.0,100,21305.897476
-28.0,100,21344.492981
-39.0,100,21382.957036
-26.0,100,21421.545148
-38.0,100,21460.133526
-37.0,100,21498.744871
-57.0,100,21537.537359
-87.0,100,21577.700752
-49.0,100,21617.993523
-40.0,100,21657.937472
-71.0,100,21697.625207
-41.0,100,21737.505157
-40.0,100,21777.7733
-50.0,100,21818.325016
-42.0,100,21858.305405
-64.0,100,21898.569242
-42.0,100,21939.321264
-50.0,100,21979.133045
-42.0,100,22019.313448
-38.0,100,22059.316899
-100.0,100,22099.276563
-55.0,100,22139.481017
-43.0,100,22179.533196
-59.0,100,22219.989562
-85.0,100,22260.613072
-100.0,100,22300.76149
-91.0,100,22340.977486
-55.0,100,22381.141258
-100.0,100,22421.212554
-39.0,100,22461.709033
-68.0,100,22501.58098
-43.0,100,22541.797363
-48.0,100,22581.629534
-43.0,100,22621.900756
-100.0,100,22661.744863
-51.0,100,22701.721463
-46.0,100,22742.088769
-43.0,100,22782.205125
-47.0,100,22822.165351
-38.0,100,22862.041409
-64.0,100,22902.117606
-66.0,100,22942.31675
-46.0,100,22982.412797
-54.0,100,23022.753083
-46.0,100,23063.309562
-54.0,100,23103.656784
-49.0,100,23144.280796
-48.0,100,23184.321313
-37.0,100,23224.421079
-45.0,100,23264.81765
-37.0,100,23305.248645
-51.0,100,23345.713218
-43.0,100,23385.573488
-52.0,100,23426.177011
-48.0,100,23466.640749
-54.0,100,23507.08479
-27.0,100,23547.193644
-36.0,100,23585.617481
-30.0,100,23624.25315
-57.0,100,23663.013552
-52.0,100,23701.545068
-36.0,100,23740.364584
-21.0,100,23778.961179
-24.0,100,23817.732759
-26.0,100,23856.436782
-40.0,100,23895.020676
-44.0,100,23933.672939
-44.0,100,23973.821163
-51.0,100,24013.83705
-59.0,100,24054.177668
-78.0,100,24094.393233
-44.0,100,24134.865481
-49.0,100,24174.797143
-99.0,100,24214.788652
-60.0,100,24254.933443
-56.0,100,24295.116964
-91.0,100,24335.492729
-35.0,100,24375.416789
-44.0,100,24415.388683
-46.0,100,24455.353341
-100.0,100,24495.681294
-39.0,100,24535.669556
-74.0,100,24576.161411
-40.0,100,24616.033332
-53.0,100,24656.469672
-45.0,100,24696.584506
-67.0,100,24736.512949
-37.0,100,24776.509495
-37.0,100,24816.697561
-42.0,100,24856.689361
-38.0,100,24897.349555
-65.0,100,24937.372901
-71.0,100,24977.108778
-48.0,100,25017.0774
-49.0,100,25057.077057
-44.0,100,25097.06129
-49.0,100,25137.016848
-67.0,100,25176.868911
-87.0,100,25216.885062
-71.0,100,25256.965285
-39.0,100,25297.300993
-47.0,100,25337.017612
-71.0,100,25377.405084
-53.0,100,25417.352945
-40.0,100,25457.473077
-67.0,100,25497.833606
-37.0,100,25537.74058
-100.0,100,25578.081612
-62.0,100,25618.732817
-30.0,100,25658.677314
-45.0,100,25698.7367
-51.0,100,25738.753435
-32.0,100,25779.088834
-40.0,100,25819.293075
-37.0,100,25859.269623
-39.0,100,25899.285743
-36.0,100,25939.717378
-42.0,100,25978.260703
-49.0,100,26016.892565
-53.0,100,26055.368891
-28.0,100,26093.86111
-57.0,100,26132.493529
-27.0,100,26171.013002
-58.0,100,26209.717142
-37.0,100,26248.497168
-37.0,100,26287.165545
-41.0,100,26325.905738
-55.0,100,26366.064529
-66.0,100,26406.840684
-45.0,100,26446.908665
-42.0,100,26487.024566
-38.0,100,26527.128648
-36.0,100,26567.521132
-38.0,100,26607.56513
-39.0,100,26647.984912
-42.0,100,26687.681263
-29.0,100,26728.085002
-51.0,100,26768.041124
-93.0,100,26808.636698
-45.0,100,26848.4733
-42.0,100,26888.952798
-53.0,100,26929.26531
-40.0,100,26969.613033
-55.0,100,27009.836906
-93.0,100,27049.717014
-100.0,100,27090.109667
-54.0,100,27130.413126
-66.0,100,27170.42924
-39.0,100,27210.653535
-43.0,100,27250.680881
-56.0,100,27290.552623
-100.0,100,27330.94518
-32.0,100,27371.069288
-87.0,100,27411.293077
-39.0,100,27451.825022
-38.0,100,27492.560787
-93.0,100,27532.908613
-42.0,100,27572.784689
-41.0,100,27613.221034
-99.0,100,27653.34169
-34.0,100,27693.433357
-33.0,100,27733.456753
-62.0,100,27773.49349
-25.0,100,27813.632668
-45.0,100,27853.844884
-48.0,100,27894.485057
-42.0,100,27934.341367
-86.0,100,27974.505538
-100.0,100,28014.869327
-39.0,100,28054.905623
-48.0,100,28094.893455
-43.0,100,28135.197142
-42.0,100,28174.985151
-43.0,100,28214.765608
-47.0,100,28254.996935
-39.0,100,28295.764717
-39.0,100,28335.765586
-39.0,100,28374.43292
-38.0,100,28413.200876
-37.0,100,28451.928846
-38.0,100,28490.492778
-37.0,100,28528.892999
-39.0,100,28567.64508
-25.0,100,28606.228981
-51.0,100,28644.905104
-63.0,100,28683.441636
-45.0,100,28722.145727
-48.0,100,28762.404943
-55.0,100,28802.941631
-74.0,100,28842.86921
-57.0,100,28882.94463
-43.0,100,28923.321434
-40.0,100,28963.832765
-47.0,100,29003.617301
-100.0,100,29044.433589
-39.0,100,29084.768866
-23.0,100,29124.84512
-39.0,100,29164.752753
-100.0,100,29204.905481
-43.0,100,29244.937032
-46.0,100,29285.285322
-51.0,100,29325.189064
-36.0,100,29365.509266
-39.0,100,29405.73746
-38.0,100,29445.880924
-46.0,100,29485.853442
-46.0,100,29526.060794
-44.0,100,29566.189919
-60.0,100,29606.584713
-100.0,100,29646.961334
-37.0,100,29687.148648
-48.0,100,29727.57713
-43.0,100,29767.641024
-44.0,100,29807.613518
-88.0,100,29848.220598
-39.0,100,29887.997325
-46.0,100,29928.373599
-56.0,100,29968.301076
-46.0,100,30008.588987
-40.0,100,30048.493207
-45.0,100,30088.376842
-39.0,100,30128.289084
-40.0,100,30168.304991
-44.0,100,30208.684856
-58.0,100,30248.689581
-96.0,100,30288.933187
-42.0,100,30329.272815
-75.0,100,30369.261261
-75.0,100,30409.397436
-40.0,100,30449.57693
-39.0,100,30489.952848
-100.0,100,30530.05273
-46.0,100,30570.273572
-37.0,100,30610.688949
-53.0,100,30650.941041
-35.0,100,30691.46084
-52.0,100,30731.281664
-39.0,100,30770.073085
-40.0,100,30808.784905
-38.0,100,30847.457206
-39.0,100,30886.193102
-30.0,100,30925.328844
-40.0,100,30963.957496
-49.0,100,31002.937038
-30.0,100,31041.524687
-39.0,100,31080.164697
-42.0,100,31118.825635
-43.0,100,31158.984866
-44.0,100,31199.153342
-62.0,100,31239.213027
-41.0,100,31279.193354
-40.0,100,31319.576576
-38.0,100,31359.932782
-72.0,100,31399.785669
-44.0,100,31439.928583
-45.0,100,31480.460686
-64.0,100,31520.945257
-45.0,100,31561.389512
-40.0,100,31601.593482
-43.0,100,31641.893219
-54.0,100,31682.136876
-38.0,100,31722.256776
-32.0,100,31762.277075
-87.0,100,31802.416915
-45.0,100,31842.736855
-40.0,100,31882.869439
-38.0,100,31923.221159
-41.0,100,31963.453198
-39.0,100,32003.804865
-43.0,100,32044.009211
-28.0,100,32083.876815
-45.0,100,32123.837232
-43.0,100,32164.124965
-100.0,100,32204.052975
-43.0,100,32244.149152
-40.0,100,32284.577489
-47.0,100,32324.756808
-38.0,100,32365.225199
-40.0,100,32405.272519
-28.0,100,32445.349163
-39.0,100,32485.357201
-45.0,100,32525.733624
-35.0,100,32565.701221
-44.0,100,32606.189163
-20.0,100,32646.340849
-51.0,100,32686.801488
-44.0,100,32726.989231
-39.0,100,32766.949366
-44.0,100,32807.089525
-56.0,100,32847.565249
-45.0,100,32887.957027
-39.0,100,32928.209293
-100.0,100,32968.532601
-48.0,100,33008.540768
-37.0,100,33048.484945
-45.0,100,33088.505711
-21.0,100,33128.665713
-38.0,100,33167.381506
-34.0,100,33206.253266
-65.0,100,33244.853495
-71.0,100,33283.677457
-100.0,100,33322.320882
-34.0,100,33360.977523
-26.0,100,33399.736877
-46.0,100,33438.352787
-52.0,100,33477.149308
-41.0,100,33515.904674
-47.0,100,33555.893571
-43.0,100,33596.157702
-50.0,100,33636.685321
-100.0,100,33676.673289
-37.0,100,33716.788972
-41.0,100,33757.272738
-42.0,100,33797.465451
-35.0,100,33837.77725
-27.0,100,33878.045195
-44.0,100,33918.084816
-45.0,100,33958.309726
-43.0,100,33998.385621
-47.0,100,34038.4414
-58.0,100,34078.165145
-95.0,100,34118.609439
-42.0,100,34158.589045
-44.0,100,34198.824909
-27.0,100,34239.057314
-39.0,100,34279.2136
-41.0,100,34319.200869
-100.0,100,34359.509002
-99.0,100,34399.160525
-45.0,100,34439.300801
-41.0,100,34479.489629
-37.0,100,34519.756747
-26.0,100,34560.020967
-44.0,100,34599.997204
-35.0,100,34639.925152
-41.0,100,34680.176919
-50.0,100,34720.384852
-41.0,100,34760.425062
-35.0,100,34800.381101
-99.0,100,34840.573463
-79.0,100,34880.532765
-41.0,100,34921.105396
-37.0,100,34961.433483
-41.0,100,35001.837135
-40.0,100,35042.189545
-44.0,100,35082.397052
-36.0,100,35122.808831
-38.0,100,35162.929506
-49.0,100,35203.245354
-43.0,100,35243.537339
-37.0,100,35283.624639
-36.0,100,35323.813452
-36.0,100,35364.340909
-39.0,100,35404.356892
-53.0,100,35444.625251
-42.0,100,35485.056545
-40.0,100,35525.173278
-46.0,100,35563.989021
-100.0,100,35602.344754
-32.0,100,35640.996769
-36.0,100,35680.013107
-100.0,100,35718.904945
-38.0,100,35757.568655
-35.0,100,35796.225273
-35.0,100,35835.057671
-100.0,100,35873.753429
-51.0,100,35912.252653
-100.0,100,35952.197155
-91.0,100,35992.224706
-45.0,100,36032.441489
-46.0,100,36072.556672
-39.0,100,36112.620869
-100.0,100,36152.836635
-100.0,100,36192.856956
-100.0,100,36233.000787
-35.0,100,36272.909666
-41.0,100,36313.352919
-35.0,100,36353.865209
-76.0,100,36393.989
-89.0,100,36434.032882
-47.0,100,36474.104722
-44.0,100,36514.297367
-32.0,100,36554.493068
-100.0,100,36594.449256
-35.0,100,36634.760706
-61.0,100,36674.764596
-88.0,100,36714.83722
-63.0,100,36754.95368
-38.0,100,36795.173562
-41.0,100,36835.085459
-57.0,100,36875.204943
-42.0,100,36915.452887
-99.0,100,36955.45719
-49.0,100,36995.672776
-37.0,100,37035.693057
-100.0,100,37075.989443
-44.0,100,37116.152783
-57.0,100,37156.081548
-40.0,100,37196.189094
-40.0,100,37236.488888
-39.0,100,37276.757159
-60.0,100,37317.164654
-46.0,100,37357.561483
-29.0,100,37397.581116
-46.0,100,37437.745273
-33.0,100,37477.86129
-100.0,100,37518.033525
-51.0,100,37558.188912
-29.0,100,37598.369292
-94.0,100,37638.405504
-41.0,100,37678.68897
-49.0,100,37718.880788
-37.0,100,37758.973616
-30.0,100,37799.39278
-40.0,100,37839.981439
-37.0,100,37879.801385
-33.0,100,37919.976542
-37.0,100,37958.664744
-47.0,100,37997.452635
-37.0,100,38036.364902
-34.0,100,38075.345399
-33.0,100,38114.181634
-32.0,100,38152.945317
-86.0,100,38191.513267
-100.0,100,38230.220967
-32.0,100,38268.824605
-48.0,100,38307.480631
-38.0,100,38347.657535
-47.0,100,38387.628844
-90.0,100,38427.785238
-41.0,100,38467.973099
-41.0,100,38508.19739
-44.0,100,38548.357398
-48.0,100,38588.580978
-71.0,100,38628.685122
-39.0,100,38668.845551
-40.0,100,38709.117713
-44.0,100,38749.097551
-40.0,100,38789.365528
-41.0,100,38830.052858
-35.0,100,38870.125166
-42.0,100,38910.485333
-40.0,100,38950.737226
-50.0,100,38990.76505
-46.0,100,39031.213098
-43.0,100,39071.560839
-40.0,100,39111.445247
-26.0,100,39151.781526
-44.0,100,39191.760706
-41.0,100,39231.657218
-45.0,100,39271.812718
-64.0,100,39312.041445
-81.0,100,39352.244945
-40.0,100,39392.46535
-39.0,100,39432.660714
-42.0,100,39472.624718
-39.0,100,39512.785145
-41.0,100,39552.877186
-65.0,100,39593.221363
-38.0,100,39633.592802
-39.0,100,39673.736623
-57.0,100,39713.753046
-92.0,100,39754.276907
-46.0,100,39794.336952
-45.0,100,39834.652993
-67.0,100,39874.688758
-45.0,100,39914.881052
-67.0,100,39955.120906
-43.0,100,39995.36132
-39.0,100,40035.665041
-43.0,100,40075.949052
-46.0,100,40116.553789
-39.0,100,40156.632897
-39.0,100,40197.013546
-34.0,100,40237.368987
-42.0,100,40277.764542
-33.0,100,40317.925215
-32.0,100,40356.805477
-33.0,100,40395.525064
-92.0,100,40434.184776
-95.0,100,40472.673012
-33.0,100,40511.465377
-34.0,100,40550.580901
-32.0,100,40589.317755
-32.0,100,40628.185134
-33.0,100,40666.856884
-38.0,100,40705.665238
-41.0,100,40745.728815
-55.0,100,40785.773646
-29.0,100,40826.149409
-35.0,100,40866.233322
-36.0,100,40906.436636
-77.0,100,40946.48122
-37.0,100,40986.656941
-20.0,100,41026.653222
-33.0,100,41066.649492
-35.0,100,41106.665229
-35.0,100,41146.977233
-49.0,100,41186.808805
-100.0,100,41226.969418
-14.0,100,41267.03685
-46.0,100,41307.089254
-36.0,100,41347.305196
-35.0,100,41387.413608
-28.0,100,41427.653294
-42.0,100,41467.657372
-65.0,100,41507.90495
-40.0,100,41548.048715
-49.0,100,41588.529589
-51.0,100,41628.685673
-74.0,100,41668.729446
-39.0,100,41708.977465
-75.0,100,41749.349275
-35.0,100,41789.441024
-39.0,100,41829.601213
-61.0,100,41869.421234
-41.0,100,41909.456534
-40.0,100,41949.792902
-59.0,100,41989.788796
-98.0,100,42029.865437
-90.0,100,42069.757034
-41.0,100,42110.057446
-33.0,100,42150.097186
-45.0,100,42190.100914
-42.0,100,42230.300813
-54.0,100,42270.369185
-24.0,100,42310.537168
-50.0,100,42350.444727
-63.0,100,42390.497126
-35.0,100,42430.804782
-39.0,100,42471.021425
-72.0,100,42511.277036
-82.0,100,42551.437451
-39.0,100,42591.95358
-37.0,100,42632.189605
-45.0,100,42672.205069
-33.0,100,42712.212884
-32.0,100,42750.953085
-31.0,100,42789.765602
-32.0,100,42828.469674
-33.0,100,42867.277482
-29.0,100,42906.161445
-68.0,100,42945.044546
-33.0,100,42983.816921
-22.0,100,43022.496954
-29.0,100,43061.129552
-88.0,100,43099.889435
-36.0,100,43139.872637
-51.0,100,43180.02089
-42.0,100,43219.936782
-40.0,100,43260.549231
-35.0,100,43300.700686
-43.0,100,43340.852745
-38.0,100,43380.845209
-32.0,100,43421.185495
-42.0,100,43461.825309
-55.0,100,43501.997574
-49.0,100,43542.224911
-98.0,100,43582.325451
-50.0,100,43622.681166
-47.0,100,43662.888742
-87.0,100,43702.980882
-41.0,100,43743.377207
-100.0,100,43783.529053
-40.0,100,43823.709319
-41.0,100,43863.801568
-23.0,100,43903.773509
-41.0,100,43944.10176
-45.0,100,43984.389148
-42.0,100,44024.473013
-45.0,100,44064.580883
-54.0,100,44105.068889
-43.0,100,44145.332626
-38.0,100,44185.488776
-43.0,100,44225.468595
-46.0,100,44265.681745
-38.0,100,44305.840595
-47.0,100,44346.505163
-58.0,100,44386.84935
-33.0,100,44426.837146
-42.0,100,44467.261495
-43.0,100,44507.665772
-31.0,100,44547.657312
-44.0,100,44587.788739
-63.0,100,44627.889129
-93.0,100,44667.841648
-50.0,100,44708.116988
-40.0,100,44748.201076
-43.0,100,44788.189254
-28.0,100,44828.016651
-38.0,100,44868.12135
-40.0,100,44908.41365
-38.0,100,44948.261339
-54.0,100,44988.628573
-42.0,100,45028.625316
-47.0,100,45068.993213
-38.0,100,45109.064834
-52.0,100,45147.809589
-38.0,100,45186.585753
-24.0,100,45225.128691
-36.0,100,45263.892897
-92.0,100,45302.756773
-38.0,100,45341.400663
-37.0,100,45379.796888
-37.0,100,45418.441636
-37.0,100,45457.101318
-37.0,100,45495.848999
-35.0,100,45535.981258
-51.0,100,45576.216764
-24.0,100,45616.453767
-52.0,100,45656.941335
-42.0,100,45697.080972
-59.0,100,45737.300942
-67.0,100,45777.481424
-34.0,100,45817.428916
-38.0,100,45857.504817
-43.0,100,45897.605086
-42.0,100,45937.760563
-55.0,100,45978.297049
-39.0,100,46018.393279
-41.0,100,46058.584697
-30.0,100,46098.608813
-61.0,100,46138.992915
-100.0,100,46179.253062
-35.0,100,46219.357062
-43.0,100,46259.52469
-46.0,100,46299.829258
-67.0,100,46340.141511
-38.0,100,46380.401592
-35.0,100,46420.368911
-49.0,100,46460.537449
-84.0,100,46500.724779
-36.0,100,46540.812955
-59.0,100,46580.949342
-48.0,100,46621.201467
-41.0,100,46661.273251
-55.0,100,46701.612791
-37.0,100,46741.908742
-33.0,100,46782.161294
-91.0,100,46822.520692
-40.0,100,46862.537278
-73.0,100,46902.672694
-82.0,100,46942.589439
-55.0,100,46982.749322
-60.0,100,47022.880804
-83.0,100,47063.077336
-39.0,100,47103.285593
-91.0,100,47143.333662
-100.0,100,47183.453569
-44.0,100,47223.488898
-38.0,100,47263.377043
-48.0,100,47303.485452
-77.0,100,47343.712588
-41.0,100,47383.772755
-43.0,100,47424.076994
-74.0,100,47464.317494
-38.0,100,47504.424794
-35.0,100,47543.253467
-34.0,100,47581.897445
-38.0,100,47620.700828
-35.0,100,47659.325456
-37.0,100,47698.133585
-36.0,100,47737.065617
-35.0,100,47775.949244
-36.0,100,47814.817334
-35.0,100,47853.557086
-59.0,100,47892.141091
-40.0,100,47932.504821
-43.0,100,47972.49686
-42.0,100,48012.696601
-39.0,100,48052.885152
-58.0,100,48092.804982
-100.0,100,48133.013064
-43.0,100,48173.193012
-44.0,100,48213.133167
-45.0,100,48253.285117
-44.0,100,48293.465262
-41.0,100,48333.589076
-48.0,100,48373.681072
-40.0,100,48413.725408
-56.0,100,48453.620899
-36.0,100,48493.74516
-42.0,100,48534.045745
-41.0,100,48574.152937
-47.0,100,48614.021377
-39.0,100,48654.133165
-50.0,100,48694.572822
-49.0,100,48734.760876
-36.0,100,48774.892563
-41.0,100,48814.749441
-47.0,100,48854.877487
-31.0,100,48895.07273
-64.0,100,48935.188632
-43.0,100,48975.161641
-70.0,100,49015.20081
-35.0,100,49055.361711
-90.0,100,49095.640646
-36.0,100,49135.78562
-30.0,100,49175.913283
-44.0,100,49215.845582
-37.0,100,49255.873025
-51.0,100,49296.036718
-50.0,100,49336.081714
-34.0,100,49376.553365
-32.0,100,49416.493455
-37.0,100,49456.521324
-81.0,100,49496.508768
-49.0,100,49536.476738
-40.0,100,49576.640824
-36.0,100,49617.045524
-46.0,100,49657.273462
-43.0,100,49696.973474
-100.0,100,49737.301396
-44.0,100,49777.360897
-39.0,100,49817.673227
-42.0,100,49857.597114
-33.0,100,49897.745597
-28.0,100,49936.336926
-37.0,100,49974.776712
-38.0,100,50013.361639
-38.0,100,50052.036954
-38.0,100,50090.697507
-27.0,100,50129.465239
-29.0,100,50168.293476
-38.0,100,50206.964795
-37.0,100,50245.493443
-43.0,100,50284.325413
-40.0,100,50324.465038
-42.0,100,50364.556874
-100.0,100,50404.572703
-43.0,100,50444.724725
-47.0,100,50484.89747
-41.0,100,50525.528705
-100.0,100,50565.633451
-54.0,100,50606.105115
-40.0,100,50646.564922
-90.0,100,50687.064895
-69.0,100,50727.344945
-100.0,100,50767.145574
-88.0,100,50807.200592
-38.0,100,50847.016668
-41.0,100,50887.00534
-30.0,100,50927.189219
-38.0,100,50967.549062
-44.0,100,51007.909004
-67.0,100,51047.857467
-47.0,100,51087.616669
-80.0,100,51127.569764
-47.0,100,51167.553126
-44.0,100,51207.609579
-73.0,100,51248.009304
-57.0,100,51288.153278
-100.0,100,51328.489382
-45.0,100,51368.536882
-60.0,100,51408.42902
-48.0,100,51448.449235
-52.0,100,51488.840716
-46.0,100,51529.020909
-43.0,100,51569.157449
-42.0,100,51609.121511
-100.0,100,51649.393124
-44.0,100,51689.512808
-61.0,100,51729.565693
-37.0,100,51769.881536
-46.0,100,51809.792591
-41.0,100,51849.78869
-61.0,100,51889.9175
-97.0,100,51929.992858
-55.0,100,51970.172818
-52.0,100,52010.301014
-37.0,100,52050.609283
-100.0,100,52090.788952
-30.0,100,52130.837304
-41.0,100,52171.069645
-32.0,100,52211.277548
-42.0,100,52251.385571
-26.0,100,52291.728894
-24.0,100,52330.441387
-41.0,100,52369.088711
-36.0,100,52407.77305
-36.0,100,52446.665424
-36.0,100,52485.432835
-44.0,100,52524.061287
-36.0,100,52562.628993
-36.0,100,52601.388655
-45.0,100,52640.06942
-38.0,100,52678.753573
-44.0,100,52718.86546
-47.0,100,52758.769415
-38.0,100,52798.948989
-60.0,100,52839.333137
-91.0,100,52879.75281
-30.0,100,52919.865262
-42.0,100,52959.976984
-31.0,100,53000.037694
-100.0,100,53040.273589
-36.0,100,53080.485195
-30.0,100,53120.740602
-69.0,100,53160.857442
-37.0,100,53201.001414
-100.0,100,53241.08501
-36.0,100,53281.077302
-100.0,100,53321.517785
-100.0,100,53361.868693
-100.0,100,53402.101221
-40.0,100,53442.26945
-25.0,100,53482.640513
-36.0,100,53522.781333
-46.0,100,53562.896951
-37.0,100,53602.928934
-59.0,100,53643.109567
-100.0,100,53683.380917
-36.0,100,53723.465364
-37.0,100,53763.681171
-60.0,100,53804.161349
-36.0,100,53844.357146
-36.0,100,53884.816933
-27.0,100,53924.953201
-42.0,100,53965.097173
-42.0,100,54004.884984
-36.0,100,54044.964872
-28.0,100,54084.836956
-40.0,100,54124.852658
-49.0,100,54164.921464
-38.0,100,54205.328982
-100.0,100,54245.513088
-41.0,100,54285.61274
-37.0,100,54325.492944
-32.0,100,54365.757086
-42.0,100,54405.841355
-48.0,100,54445.908728
-28.0,100,54486.277242
-100.0,100,54526.453366
-41.0,100,54566.653248
-70.0,100,54606.773483
-46.0,100,54646.853239
-37.0,100,54687.26929
-63.0,100,54726.132674
-37.0,100,54764.969133
-36.0,100,54803.461117
-94.0,100,54842.685102
-37.0,100,54881.189122
-88.0,100,54919.54952
-35.0,100,54958.34103
-37.0,100,54997.244728
-36.0,100,55035.964731
-32.0,100,55074.696906
-69.0,100,55114.873156
-38.0,100,55155.152929
-36.0,100,55195.353045
-43.0,100,55235.349546
-40.0,100,55275.621063
-54.0,100,55315.893202
-44.0,100,55355.977345
-41.0,100,55396.484716
-41.0,100,55436.64475
-60.0,100,55476.725177
-46.0,100,55516.961467
-46.0,100,55557.164977
-54.0,100,55597.409081
-68.0,100,55637.421277
-39.0,100,55677.408719
-36.0,100,55717.204994
-24.0,100,55757.509357
-48.0,100,55797.91715
-47.0,100,55837.981051
-38.0,100,55878.013233
-44.0,100,55918.113743
-41.0,100,55958.36148
-49.0,100,55998.605631
-44.0,100,56038.905412
-35.0,100,56079.232598
-52.0,100,56119.657528
-46.0,100,56160.105173
-48.0,100,56200.12933
-61.0,100,56240.496851
-44.0,100,56280.581222
-38.0,100,56320.77653
-45.0,100,56360.736915
-39.0,100,56401.297119
-44.0,100,56441.337058
-33.0,100,56481.313564
-21.0,100,56521.645478
-69.0,100,56562.04113
-40.0,100,56602.100617
-65.0,100,56641.956814
-59.0,100,56682.025286
-63.0,100,56722.349092
-38.0,100,56762.809013
-100.0,100,56803.101247
-29.0,100,56843.197414
-45.0,100,56883.549374
-25.0,100,56923.952929
-41.0,100,56963.908631
-39.0,100,57004.28967
-78.0,100,57044.389143
-35.0,100,57084.713469
-35.0,100,57123.285712
-100.0,100,57162.020726
-47.0,100,57200.709325
-35.0,100,57239.341081
-34.0,100,57278.040666
-100.0,100,57316.68869
-100.0,100,57355.453357
-100.0,100,57394.357405
-100.0,100,57433.145001
-100.0,100,57471.941285
-100.0,100,57512.2891
-100.0,100,57552.280942
-100.0,100,57592.704918
-100.0,100,57632.508814
-100.0,100,57672.649343
-100.0,100,57713.024708
-100.0,100,57752.980553
-100.0,100,57793.453501
-100.0,100,57833.801181
-100.0,100,57874.229102
-100.0,100,57914.217114
-100.0,100,57954.065201
-100.0,100,57994.144695
-100.0,100,58034.121138
-100.0,100,58074.324716
-100.0,100,58114.333215
-100.0,100,58154.428823
-100.0,100,58194.493191
-100.0,100,58234.693163
-100.0,100,58274.597192
-100.0,100,58314.820856
-100.0,100,58355.028718
-100.0,100,58395.096967
-100.0,100,58435.220552
-100.0,100,58475.053073
-100.0,100,58515.788885
-100.0,100,58555.937723
-100.0,100,58595.944708
-100.0,100,58636.208811
-100.0,100,58676.264957
-100.0,100,58716.144659
-100.0,100,58756.476897
-100.0,100,58796.784589
-100.0,100,58836.905062
-100.0,100,58877.061573
-100.0,100,58917.160934
-100.0,100,58957.38915
-100.0,100,58997.572634
-100.0,100,59037.792938
-100.0,100,59077.777198
-100.0,100,59117.965147
-100.0,100,59158.38488
-100.0,100,59198.353547
-100.0,100,59238.457184
-100.0,100,59278.649489
-100.0,100,59318.76556
-100.0,100,59359.156883
-100.0,100,59399.289704
-100.0,100,59439.681119
-100.0,100,59480.060676
-100.0,100,59518.596984
-100.0,100,59557.397093
-100.0,100,59596.349007
-29.0,100,59634.865348
-100.0,100,59673.509325
-35.0,100,59712.349258
-47.0,100,59751.069511
-33.0,100,59789.945196
-100.0,100,59828.669168
-43.0,100,59867.42921
-37.0,100,59907.521138
-37.0,100,59947.961553
-35.0,100,59988.384708
-36.0,100,60028.569101
-26.0,100,60068.724917
-38.0,100,60108.833361
-47.0,100,60149.081496
-40.0,100,60189.257391
-48.0,100,60229.713648
-42.0,100,60269.757387
-46.0,100,60310.021107
-100.0,100,60350.313406
-36.0,100,60390.5052
-49.0,100,60430.465534
-48.0,100,60470.472597
-42.0,100,60510.764679
-74.0,100,60550.93309
-37.0,100,60591.065674
-54.0,100,60631.276714
-46.0,100,60671.18883
-47.0,100,60711.212815
-100.0,100,60751.292865
-64.0,100,60791.416781
-33.0,100,60831.58945
-41.0,100,60871.961263
-100.0,100,60912.276912
-45.0,100,60952.245097
-98.0,100,60992.161157
-100.0,100,61032.361107
-45.0,100,61072.513743
-55.0,100,61112.396605
-36.0,100,61152.440808
-36.0,100,61192.497254
-37.0,100,61232.440873
-57.0,100,61272.765394
-66.0,100,61312.864547
-44.0,100,61352.945145
-35.0,100,61393.049291
-72.0,100,61433.433573
-50.0,100,61473.544736
-39.0,100,61513.617618
-37.0,100,61553.737309
-58.0,100,61594.101483
-40.0,100,61634.360601
-26.0,100,61674.132688
-100.0,100,61714.149703
-48.0,100,61754.117222
-92.0,100,61794.236813
-43.0,100,61834.704923
-25.0,100,61874.645339
-33.0,100,61913.301224
-37.0,100,61951.917136
-27.0,100,61990.648952
-31.0,100,62029.453371
-33.0,100,62068.37378
-33.0,100,62107.017067
-36.0,100,62145.569358
-21.0,100,62184.345077
-35.0,100,62223.021231
-39.0,100,62261.561323
-39.0,100,62302.108886
-36.0,100,62342.177583
-41.0,100,62382.228764
-38.0,100,62422.517482
-84.0,100,62462.808566
-51.0,100,62502.773379
-46.0,100,62543.22523
-23.0,100,62583.340661
-40.0,100,62623.521314
-64.0,100,62663.885435
-40.0,100,62704.280723
-38.0,100,62744.72117
-29.0,100,62785.257056
-100.0,100,62825.189217
-38.0,100,62865.333301
-36.0,100,62905.664847
-34.0,100,62945.929398
-36.0,100,62986.256567
-96.0,100,63026.376861
-38.0,100,63066.697101
-69.0,100,63106.761243
-52.0,100,63146.940665
-34.0,100,63186.969615
-60.0,100,63227.457739
-40.0,100,63267.900615
-83.0,100,63308.212569
-36.0,100,63348.184911
-39.0,100,63388.265174
-43.0,100,63428.432984
-35.0,100,63468.388923
-44.0,100,63508.397654
-45.0,100,63548.813351
-100.0,100,63589.056602
-40.0,100,63629.28113
-36.0,100,63669.624954
-40.0,100,63709.525245
-29.0,100,63749.760491
-36.0,100,63789.796561
-43.0,100,63829.981649
-98.0,100,63869.929725
-37.0,100,63910.136966
-53.0,100,63950.308799
-37.0,100,63990.440987
-44.0,100,64030.637362
-35.0,100,64070.813187
-61.0,100,64111.036572
-42.0,100,64151.413486
-40.0,100,64191.572682
-59.0,100,64231.829651
-27.0,100,64272.109362
-37.0,100,64311.012798
-38.0,100,64349.633472
-33.0,100,64388.245121
-32.0,100,64427.061274
-33.0,100,64465.756753
-36.0,100,64504.532945
-20.0,100,64543.084771
-23.0,100,64581.593537
-36.0,100,64620.361275
-41.0,100,64659.077429
-87.0,100,64699.261178
-36.0,100,64739.333008
-38.0,100,64779.493146
-43.0,100,64819.717229
-47.0,100,64859.900808
-38.0,100,64900.161214
-26.0,100,64940.417073
-39.0,100,64980.921083
-36.0,100,65021.197227
-34.0,100,65061.401193
-24.0,100,65101.585267
-35.0,100,65141.696772
-69.0,100,65181.960881
-37.0,100,65222.189538
-45.0,100,65262.376557
-41.0,100,65302.580944
-40.0,100,65342.888912
-34.0,100,65382.96928
-35.0,100,65423.316598
-49.0,100,65463.541405
-43.0,100,65503.352912
-46.0,100,65543.601828
-45.0,100,65583.997281
-48.0,100,65623.956883
-46.0,100,65664.036743
-54.0,100,65704.501097
-33.0,100,65744.72555
-35.0,100,65784.949439
-44.0,100,65825.413607
-36.0,100,65865.585242
-40.0,100,65906.04127
-38.0,100,65946.372772
-30.0,100,65986.505082
-25.0,100,66026.856812
-48.0,100,66067.080553
-37.0,100,66107.473462
-31.0,100,66147.904832
-52.0,100,66187.961171
-38.0,100,66227.921518
-52.0,100,66268.22914
-46.0,100,66308.656667
-62.0,100,66348.721326
-36.0,100,66388.752878
-41.0,100,66428.893497
-42.0,100,66469.293366
-43.0,100,66509.256709
-36.0,100,66549.125141
-84.0,100,66589.200775
-46.0,100,66629.749243
-33.0,100,66669.709559
-33.0,100,66708.493092
-34.0,100,66747.305382
-40.0,100,66785.877659
-35.0,100,66824.485016
-33.0,100,66863.329332
-34.0,100,66902.009011
-100.0,100,66940.528835
-33.0,100,66979.057241
-37.0,100,67017.828928
-38.0,100,67056.389279
-44.0,100,67096.865332
-76.0,100,67137.221447
-39.0,100,67177.076996
-25.0,100,67217.305257
-44.0,100,67257.637625
-45.0,100,67297.529527
-39.0,100,67337.597297
-95.0,100,67377.905477
-98.0,100,67418.225323
-37.0,100,67458.369206
-43.0,100,67498.701505
-40.0,100,67538.75349
-39.0,100,67578.85357
-34.0,100,67619.164967
-38.0,100,67659.340894
-27.0,100,67699.345489
-44.0,100,67739.261395
-82.0,100,67779.609013
-36.0,100,67819.973046
-35.0,100,67860.048864
-39.0,100,67900.501138
-38.0,100,67940.717294
-56.0,100,67980.945008
-41.0,100,68021.12903
-34.0,100,68061.480649
-36.0,100,68101.72917
-40.0,100,68142.137094
-53.0,100,68182.345163
-100.0,100,68222.572805
-30.0,100,68262.720882
-32.0,100,68303.097071
-31.0,100,68343.728831
-36.0,100,68383.905612
-65.0,100,68424.10566
-35.0,100,68464.36938
-44.0,100,68504.536711
-23.0,100,68544.75774
-56.0,100,68585.236547
-41.0,100,68625.544615
-43.0,100,68665.541703
-81.0,100,68706.061504
-46.0,100,68746.304955
-37.0,100,68786.773069
-43.0,100,68827.25741
-66.0,100,68867.501613
-57.0,100,68907.616843
-39.0,100,68947.832545
-40.0,100,68988.005257
-43.0,100,69028.288928
-33.0,100,69068.293202
-58.0,100,69106.981338
-31.0,100,69145.937179
-31.0,100,69184.497211
-33.0,100,69223.417543
-39.0,100,69262.044896
-100.0,100,69300.781061
-32.0,100,69339.525283
-34.0,100,69378.224982
-32.0,100,69416.965253
-38.0,100,69455.813123
-37.0,100,69496.073648
-39.0,100,69536.189501
-30.0,100,69576.465571
-37.0,100,69616.720984
-42.0,100,69656.941632
-49.0,100,69697.197589
-27.0,100,69737.30484
-29.0,100,69777.613014
-41.0,100,69817.657382
-42.0,100,69858.229396
-37.0,100,69898.537352
-61.0,100,69938.721684
-100.0,100,69979.085216
-72.0,100,70019.23726
-89.0,100,70059.53308
-38.0,100,70099.688756
-42.0,100,70139.896714
-44.0,100,70179.941676
-41.0,100,70220.301208
-38.0,100,70260.565542
-38.0,100,70300.517485
-45.0,100,70340.721711
-43.0,100,70380.645099
-47.0,100,70421.141261
-31.0,100,70461.373695
-34.0,100,70501.337416
-44.0,100,70541.865497
-40.0,100,70581.957645
-55.0,100,70622.00936
-51.0,100,70662.133024
-45.0,100,70702.533665
-41.0,100,70742.677105
-58.0,100,70782.869452
-65.0,100,70823.080736
-47.0,100,70863.385369
-100.0,100,70903.716905
-26.0,100,70943.896903
-35.0,100,70984.31297
-39.0,100,71024.373502
-64.0,100,71064.641116
-34.0,100,71104.977581
-99.0,100,71145.253387
-37.0,100,71185.672789
-39.0,100,71225.861458
-43.0,100,71265.881574
-100.0,100,71306.317167
-46.0,100,71346.500578
-46.0,100,71386.840847
-41.0,100,71427.124779
-37.0,100,71467.40107
-39.0,100,71506.061059
-39.0,100,71544.556796
-30.0,100,71583.517694
-27.0,100,71622.201161
-34.0,100,71660.993802
-30.0,100,71699.664714
-39.0,100,71738.34923
-36.0,100,71777.285121
-26.0,100,71816.097124
-55.0,100,71854.945281
-51.0,100,71895.136784
-37.0,100,71935.424888
-51.0,100,71975.745376
-28.0,100,72016.108645
-48.0,100,72056.040796
-38.0,100,72096.056581
-34.0,100,72136.033508
-46.0,100,72176.400671
-44.0,100,72216.513211
-44.0,100,72257.001554
-91.0,100,72297.177445
-100.0,100,72337.281298
-32.0,100,72377.697119
-30.0,100,72417.588601
-100.0,100,72457.677398
-38.0,100,72497.604862
-45.0,100,72537.684805
-55.0,100,72577.652681
-51.0,100,72617.936677
-41.0,100,72658.248617
-18.0,100,72698.557229
-100.0,100,72738.689331
-49.0,100,72778.700575
-46.0,100,72819.056639
-51.0,100,72859.54526
-41.0,100,72899.74087
-43.0,100,72940.253293
-34.0,100,72980.569726
-34.0,100,73020.833654
-46.0,100,73061.005264
-31.0,100,73101.197275
-87.0,100,73141.564752
-52.0,100,73181.941616
-74.0,100,73222.220654
-40.0,100,73262.376912
-40.0,100,73302.581201
-35.0,100,73342.88926
-33.0,100,73383.212941
-47.0,100,73423.421202
-43.0,100,73463.689086
-39.0,100,73503.433134
-54.0,100,73543.42098
-44.0,100,73583.377249
-45.0,100,73623.569104
-72.0,100,73663.785261
-38.0,100,73704.201631
-40.0,100,73744.281524
-30.0,100,73784.760865
-78.0,100,73824.669462
-35.0,100,73864.913124
-36.0,100,73903.509592
-65.0,100,73942.288675
-21.0,100,73980.760576
-34.0,100,74019.521205
-36.0,100,74058.233362
-35.0,100,74097.001127
-24.0,100,74135.632592
-34.0,100,74174.516774
-53.0,100,74213.193171
-40.0,100,74251.916776
-43.0,100,74292.217035
-39.0,100,74332.44083
-41.0,100,74372.497736
-43.0,100,74412.64515
-39.0,100,74452.705373
-51.0,100,74493.108601
-43.0,100,74533.601261
-38.0,100,74573.825015
-24.0,100,74613.836607
-42.0,100,74653.94125
-36.0,100,74694.061521
-41.0,100,74734.321497
-39.0,100,74774.533536
-52.0,100,74814.565274
-44.0,100,74854.480547
-42.0,100,74894.637552
-47.0,100,74934.876586
-39.0,100,74975.02548
-40.0,100,75015.417302
-100.0,100,75055.249365
-62.0,100,75095.268706
-42.0,100,75135.481488
-48.0,100,75175.4969
-100.0,100,75215.884951
-34.0,100,75256.216898
-74.0,100,75296.136782
-56.0,100,75336.373089
-53.0,100,75376.529287
-36.0,100,75416.880834
-37.0,100,75457.149141
-43.0,100,75497.180923
-60.0,100,75537.24112
-32.0,100,75577.173566
-32.0,100,75617.333153
-36.0,100,75657.521322
-36.0,100,75697.692835
-60.0,100,75737.945055
-57.0,100,75778.225281
-46.0,100,75818.673004
-58.0,100,75858.912885
-41.0,100,75899.328841
-43.0,100,75939.561064
-93.0,100,75979.617186
-39.0,100,76019.408797
-55.0,100,76059.344643
-99.0,100,76099.661264
-29.0,100,76139.709507
-48.0,100,76179.900925
-44.0,100,76220.04123
-85.0,100,76260.373318
-32.0,100,76299.033613
-30.0,100,76337.801215
-34.0,100,76376.381246
-30.0,100,76415.08057
-93.0,100,76453.864853
-33.0,100,76492.416622
-34.0,100,76531.181669
-34.0,100,76570.013597
-33.0,100,76608.785372
-49.0,100,76647.392628
-28.0,100,76687.548821
-39.0,100,76728.168881
-38.0,100,76768.393298
-44.0,100,76808.681089
-40.0,100,76848.845599
-42.0,100,76888.949462
-62.0,100,76929.132686
-41.0,100,76969.321693
-43.0,100,77009.552672
-37.0,100,77050.041074
-40.0,100,77089.961132
-37.0,100,77130.08526
-44.0,100,77170.245506
-39.0,100,77210.276726
-47.0,100,77250.405521
-38.0,100,77290.861043
-100.0,100,77330.909634
-37.0,100,77371.11715
-46.0,100,77411.249233
-43.0,100,77451.285522
-99.0,100,77491.613496
-32.0,100,77531.796895
-38.0,100,77571.625523
-37.0,100,77612.101424
-35.0,100,77652.493442
-41.0,100,77692.853186
-42.0,100,77732.844632
-38.0,100,77772.829607
-50.0,100,77812.868639
-39.0,100,77853.413334
-82.0,100,77893.580893
-65.0,100,77933.732688
-47.0,100,77974.105613
-36.0,100,78014.500839
-38.0,100,78054.709422
-36.0,100,78094.800785
-25.0,100,78134.660796
-82.0,100,78174.797133
-36.0,100,78214.817033
-42.0,100,78254.848592
-41.0,100,78295.02067
-33.0,100,78335.080587
-45.0,100,78375.013127
-44.0,100,78415.572964
-51.0,100,78455.833215
-63.0,100,78496.236942
-44.0,100,78536.256901
-61.0,100,78576.457311
-60.0,100,78616.781571
-33.0,100,78656.849399
-66.0,100,78695.613231
-88.0,100,78734.20876
-28.0,100,78772.921023
-32.0,100,78811.501083
-33.0,100,78850.040728
-33.0,100,78888.636847
-33.0,100,78927.361522
-36.0,100,78966.381427
-21.0,100,79005.052846
-44.0,100,79043.764558
-42.0,100,79083.937632
-49.0,100,79124.136833
-40.0,100,79164.37258
-40.0,100,79204.901591
-40.0,100,79245.081279
-40.0,100,79285.600634
-36.0,100,79325.801322
-41.0,100,79365.909314
-26.0,100,79406.213313
-46.0,100,79446.517117
-38.0,100,79486.449061
-45.0,100,79526.376943
-57.0,100,79566.764644
-28.0,100,79606.78926
-44.0,100,79646.981403
-38.0,100,79686.74558
-40.0,100,79726.965096
-45.0,100,79767.208711
-71.0,100,79807.453322
-21.0,100,79848.013764
-37.0,100,79888.257354
-39.0,100,79928.661075
-44.0,100,79969.273357
-51.0,100,80009.573123
-37.0,100,80049.801646
-60.0,100,80090.045191
-35.0,100,80130.420973
-28.0,100,80170.568693
-44.0,100,80210.765677
-36.0,100,80251.052715
-46.0,100,80291.349134
-43.0,100,80331.461161
-39.0,100,80371.865078
-48.0,100,80411.960781
-37.0,100,80452.053046
-40.0,100,80492.03357
-39.0,100,80531.996833
-51.0,100,80572.324978
-39.0,100,80612.552632
-60.0,100,80652.473669
-93.0,100,80692.61692
-47.0,100,80732.892648
-27.0,100,80772.916611
-100.0,100,80813.02565
-40.0,100,80853.213791
-51.0,100,80893.289357
-40.0,100,80933.693637
-47.0,100,80973.861369
-40.0,100,81014.180569
-34.0,100,81054.4778
-31.0,100,81093.105367
-34.0,100,81131.877102
-23.0,100,81170.57318
-43.0,100,81209.300586
-43.0,100,81248.165605
-24.0,100,81286.984984
-35.0,100,81325.761316
-23.0,100,81364.816797
-44.0,100,81403.820719
-37.0,100,81442.44545
-55.0,100,81482.52881
-34.0,100,81522.537709
-53.0,100,81562.788635
-33.0,100,81603.048557
-38.0,100,81643.20488
-51.0,100,81683.309458
-44.0,100,81723.153352
-36.0,100,81763.388547
-44.0,100,81803.604825
-92.0,100,81843.61653
-92.0,100,81883.617611
-40.0,100,81924.012708
-35.0,100,81964.393374
-42.0,100,82004.513572
-47.0,100,82045.161134
-41.0,100,82085.489544
-22.0,100,82126.024982
-52.0,100,82166.433176
-42.0,100,82206.685117
-41.0,100,82246.709484
-38.0,100,82286.976582
-36.0,100,82327.268922
-43.0,100,82367.52503
-39.0,100,82407.716864
-43.0,100,82447.880935
-55.0,100,82488.041098
-39.0,100,82528.113406
-100.0,100,82568.00079
-44.0,100,82608.576856
-41.0,100,82648.697621
-40.0,100,82689.321495
-37.0,100,82729.409326
-43.0,100,82769.440553
-66.0,100,82809.572869
-44.0,100,82849.933639
-46.0,100,82890.356699
-46.0,100,82930.329323
-45.0,100,82970.153171
-36.0,100,83010.629091
-36.0,100,83050.69268
-41.0,100,83090.884588
-42.0,100,83130.861527
-36.0,100,83170.957679
-48.0,100,83210.905708
-43.0,100,83251.137548
-40.0,100,83291.601043
-45.0,100,83331.601519
-41.0,100,83371.709284
-36.0,100,83412.133309
-56.0,100,83452.384717
-37.0,100,83491.124827
-65.0,100,83529.704584
-33.0,100,83568.348778
-25.0,100,83606.965019
-38.0,100,83645.753241
-38.0,100,83684.329798
-37.0,100,83723.076996
-33.0,100,83762.03275
-31.0,100,83800.616789
-46.0,100,83839.345518
-36.0,100,83879.557575
-70.0,100,83919.636821
-75.0,100,83959.820609
-42.0,100,84000.233346
-40.0,100,84040.437479
-30.0,100,84081.113061
-32.0,100,84121.161206
-76.0,100,84161.296712
-44.0,100,84201.717715
-38.0,100,84242.237342
-89.0,100,84282.644879
-37.0,100,84322.724881
-46.0,100,84363.029567
-37.0,100,84403.701367
-86.0,100,84443.82493
-47.0,100,84483.889491
-36.0,100,84524.060877
-80.0,100,84564.041169
-55.0,100,84604.272577
-38.0,100,84644.144921
-41.0,100,84684.760737
-51.0,100,84725.261595
-42.0,100,84765.788843
-54.0,100,84806.0368
-41.0,100,84846.325435
-31.0,100,84887.069212
-92.0,100,84927.200984
-45.0,100,84967.292818
-38.0,100,85007.753068
-23.0,100,85047.96147
-22.0,100,85088.113489
-56.0,100,85128.38906
-38.0,100,85168.640996
-55.0,100,85208.761432
-44.0,100,85249.160898
-42.0,100,85289.11342
-84.0,100,85329.197226
-30.0,100,85369.704599
-41.0,100,85410.025653
-46.0,100,85450.429748
-38.0,100,85490.500826
-60.0,100,85530.828536
-29.0,100,85570.909238
-49.0,100,85611.225169
-46.0,100,85651.280931
-31.0,100,85691.116699
-39.0,100,85731.68478
-30.0,100,85771.781082
-57.0,100,85812.1574
-33.0,100,85852.596924
-45.0,100,85891.329346
-36.0,100,85930.025591
-32.0,100,85968.744835
-35.0,100,86007.320632
-42.0,100,86046.061442
-35.0,100,86084.973556
-32.0,100,86123.465323
-33.0,100,86162.237586
-32.0,100,86200.9374
-37.0,100,86239.900819
-68.0,100,86279.941041
-38.0,100,86320.281348
-39.0,100,86360.817591
-44.0,100,86401.425624
-59.0,100,86441.469404
-45.0,100,86481.877464
-46.0,100,86521.948723
-65.0,100,86562.808982
-46.0,100,86603.289175
-42.0,100,86643.709282
-41.0,100,86684.040891
-44.0,100,86724.724942
-28.0,100,86765.000531
-97.0,100,86805.645907
-99.0,100,86845.673176
-31.0,100,86885.96152
-46.0,100,86926.689524
-46.0,100,86966.98528
-64.0,100,87007.005286
-37.0,100,87047.168907
-64.0,100,87087.521202
-46.0,100,87127.861378
-77.0,100,87168.253561
-41.0,100,87208.493555
-44.0,100,87248.596974
-30.0,100,87289.193281
-40.0,100,87329.337457
-47.0,100,87369.721562
-43.0,100,87410.009451
-49.0,100,87450.144981
-44.0,100,87490.693356
-44.0,100,87531.120568
-30.0,100,87571.685288
-38.0,100,87611.864846
-100.0,100,87652.224962
-44.0,100,87692.297113
-37.0,100,87732.229269
-39.0,100,87772.377252
-42.0,100,87812.78147
-38.0,100,87853.40102
-43.0,100,87893.812898
-56.0,100,87934.145773
-38.0,100,87974.229519
-41.0,100,88014.581545
-38.0,100,88055.017452
-60.0,100,88095.233486
-59.0,100,88135.621183
-41.0,100,88176.037133
-43.0,100,88216.180954
-32.0,100,88256.709083
-34.0,100,88295.493118
-31.0,100,88334.181733
-32.0,100,88372.744881
-33.0,100,88411.425578
-35.0,100,88450.025521
-19.0,100,88488.816858
-26.0,100,88527.552964
-36.0,100,88566.221168
-23.0,100,88604.749703
-43.0,100,88643.397057
-44.0,100,88683.717406
-42.0,100,88723.985021
-36.0,100,88764.692897
-40.0,100,88804.685433
-42.0,100,88845.240956
-40.0,100,88885.916852
-33.0,100,88926.381358
-41.0,100,88967.141556
-92.0,100,89007.644584
-39.0,100,89047.928941
-39.0,100,89088.001141
-67.0,100,89128.173047
-38.0,100,89168.513076
-36.0,100,89209.072963
-21.0,100,89249.49321
-37.0,100,89289.801484
-46.0,100,89330.252838
-50.0,100,89370.752827
-82.0,100,89411.129023
-100.0,100,89451.405375
-51.0,100,89491.693431
-47.0,100,89532.149744
-32.0,100,89572.433634
-32.0,100,89612.797573
-54.0,100,89652.972677
-35.0,100,89693.457269
-43.0,100,89733.781248
-38.0,100,89774.42533
-40.0,100,89814.557244
-29.0,100,89854.993201
-42.0,100,89895.412731
-41.0,100,89935.465714
-41.0,100,89976.185031
-85.0,100,90016.689206
-39.0,100,90057.128698
-98.0,100,90097.389036
-32.0,100,90137.496989
-35.0,100,90177.788934
-54.0,100,90218.004878
-37.0,100,90258.501165
-42.0,100,90299.113082
-57.0,100,90339.46911
-29.0,100,90379.70884
-38.0,100,90419.917444
-43.0,100,90460.129618
-53.0,100,90500.405479
-51.0,100,90540.425185
-24.0,100,90580.981003
-39.0,100,90621.428873
-100.0,100,90661.873016
-34.0,100,90700.573597
-82.0,100,90739.225204
-33.0,100,90778.041051
-100.0,100,90816.608748
-42.0,100,90855.228618
-33.0,100,90893.748688
-96.0,100,90932.424539
-34.0,100,90971.104694
-48.0,100,91009.96895
-44.0,100,91048.748608
-35.0,100,91088.813016
-34.0,100,91129.169186
-100.0,100,91169.816545
-30.0,100,91209.813461
-41.0,100,91249.984865
-45.0,100,91289.88913
-59.0,100,91330.517319
-47.0,100,91370.801017
-34.0,100,91411.444771
-53.0,100,91451.605582
-43.0,100,91491.889033
-44.0,100,91532.288784
-37.0,100,91572.284787
-44.0,100,91612.796705
-29.0,100,91653.100887
-40.0,100,91693.232909
-17.0,100,91733.51294
-24.0,100,91773.885036
-42.0,100,91814.217293
-32.0,100,91854.737011
-40.0,100,91895.068973
-37.0,100,91935.496981
-25.0,100,91975.716776
-46.0,100,92015.877172
-43.0,100,92056.245006
-32.0,100,92096.765028
-41.0,100,92137.060652
-45.0,100,92177.801029
-37.0,100,92218.053108
-90.0,100,92258.389247
-25.0,100,92298.949202
-94.0,100,92339.525289
-36.0,100,92379.760705
-37.0,100,92420.037378
-44.0,100,92460.780624
-41.0,100,92501.289457
-22.0,100,92541.600857
-42.0,100,92581.993478
-40.0,100,92622.269351
-100.0,100,92662.42515
-38.0,100,92703.172951
-36.0,100,92743.513407
-98.0,100,92783.937388
-59.0,100,92824.26097
-38.0,100,92864.948726
-38.0,100,92905.576608
-47.0,100,92945.692855
-31.0,100,92985.940721
-33.0,100,93026.332676
-32.0,100,93066.825336
-32.0,100,93105.669473
-34.0,100,93144.460681
-32.0,100,93183.149591
-100.0,100,93221.840728
-32.0,100,93260.62864
-34.0,100,93299.569295
-100.0,100,93338.301127
-34.0,100,93376.880633
-31.0,100,93415.589055
-34.0,100,93454.405241
-43.0,100,93494.688851
-41.0,100,93535.269559
-45.0,100,93576.305053
-36.0,100,93616.62158
-24.0,100,93656.884817
-65.0,100,93697.304693
-49.0,100,93737.613151
-44.0,100,93777.773542
-38.0,100,93818.068987
-41.0,100,93858.433346
-39.0,100,93898.873464
-53.0,100,93939.769275
-36.0,100,93980.213542
-92.0,100,94020.328732
-40.0,100,94060.417461
-46.0,100,94100.609401
-35.0,100,94141.044546
-39.0,100,94181.109037
-36.0,100,94221.36917
-40.0,100,94261.996637
-43.0,100,94302.357275
-40.0,100,94342.509277
-36.0,100,94382.829534
-38.0,100,94422.997459
-100.0,100,94463.757446
-60.0,100,94504.213504
-44.0,100,94544.816835
-34.0,100,94585.517082
-38.0,100,94625.961201
-100.0,100,94666.261151
-41.0,100,94707.169311
-47.0,100,94747.752708
-40.0,100,94787.805476
-96.0,100,94828.473137
-36.0,100,94868.865434
-54.0,100,94909.276911
-47.0,100,94949.641462
-36.0,100,94990.289303
-32.0,100,95030.497401
-43.0,100,95070.685373
-46.0,100,95111.569377
-38.0,100,95151.805405
-41.0,100,95191.997028
-41.0,100,95232.544838
-54.0,100,95272.821617
-47.0,100,95313.261346
-37.0,100,95354.117504
-37.0,100,95394.48133
-39.0,100,95434.965386
-28.0,100,95475.489346
-33.0,100,95514.213518
-30.0,100,95553.2407
-37.0,100,95591.852861
-22.0,100,95630.724883
-30.0,100,95669.472803
-32.0,100,95707.937448
-32.0,100,95746.969136
-34.0,100,95785.585068
-37.0,100,95824.181165
