# {"t_start": 1625817256.5501437, "env_id": "dVRLPickPlaceTarget-v0"} 
r,l,t
-100.0,100,54.510517
-100.0,100,95.442636
-100.0,100,135.502733
-100.0,100,175.687216
-100.0,100,216.011156
-100.0,100,256.190649
-100.0,100,296.166938
-100.0,100,336.231011
-100.0,100,376.167036
-100.0,100,415.947169
-100.0,100,456.162814
-100.0,100,496.29848
-100.0,100,536.347141
-100.0,100,576.366666
-100.0,100,616.531232
-100.0,100,656.742302
-100.0,100,696.871027
-100.0,100,736.891008
-100.0,100,777.086829
-100.0,100,817.422411
-100.0,100,857.61082
-100.0,100,897.906863
-100.0,100,938.363082
-100.0,100,978.73847
-100.0,100,1018.922905
-100.0,100,1059.16689
-100.0,100,1099.434824
-100.0,100,1139.463117
-100.0,100,1179.751139
-100.0,100,1219.926584
-100.0,100,1260.10261
-100.0,100,1300.322464
-100.0,100,1340.410908
-100.0,100,1380.755379
-100.0,100,1420.970602
-100.0,100,1461.083393
-100.0,100,1501.22667
-100.0,100,1541.331134
-100.0,100,1581.614327
-100.0,100,1621.978891
-100.0,100,1662.230162
-100.0,100,1702.274671
-100.0,100,1742.451205
-100.0,100,1782.778673
-100.0,100,1822.843008
-100.0,100,1862.894908
-100.0,100,1903.387134
-100.0,100,1943.603146
-100.0,100,1984.050891
-100.0,100,2024.390308
-100.0,100,2064.735022
-100.0,100,2103.710621
-100.0,100,2142.363028
-100.0,100,2181.454717
-100.0,100,2220.454299
-100.0,100,2259.382902
-100.0,100,2298.234452
-100.0,100,2337.174704
-100.0,100,2375.974199
-100.0,100,2414.91515
-100.0,100,2454.046854
-100.0,100,2494.290993
-100.0,100,2534.670665
-100.0,100,2575.130243
-100.0,100,2615.354566
-100.0,100,2655.562809
-100.0,100,2695.95512
-100.0,100,2736.134488
-100.0,100,2776.250827
-100.0,100,2816.343418
-100.0,100,2856.534299
-100.0,100,2896.914683
-100.0,100,2937.194489
-100.0,100,2977.274345
-100.0,100,3017.402405
-100.0,100,3057.758307
-100.0,100,3098.106856
-100.0,100,3138.247364
-100.0,100,3178.526691
-100.0,100,3218.743014
-100.0,100,3259.114803
-100.0,100,3299.495162
-100.0,100,3340.070607
-100.0,100,3380.247017
-100.0,100,3420.486821
-100.0,100,3461.123196
-100.0,100,3501.578416
-100.0,100,3541.80639
-100.0,100,3582.286772
-100.0,100,3622.522617
-100.0,100,3662.847294
-100.0,100,3703.262393
-86.0,100,3743.618571
-100.0,100,3784.178725
-100.0,100,3824.502228
-100.0,100,3864.682269
-100.0,100,3904.86633
-100.0,100,3945.322886
-100.0,100,3985.806898
-100.0,100,4025.767051
-100.0,100,4066.147166
-100.0,100,4106.414299
-100.0,100,4146.978508
-100.0,100,4187.374508
-100.0,100,4227.583117
-100.0,100,4268.203366
-100.0,100,4308.498388
-100.0,100,4348.826616
-100.0,100,4389.175209
-100.0,100,4429.558475
-100.0,100,4469.922885
-100.0,100,4509.062717
-100.0,100,4548.286602
-100.0,100,4587.546352
-100.0,100,4626.514961
-100.0,100,4665.754837
-100.0,100,4704.606884
-100.0,100,4743.762369
-100.0,100,4782.739007
-100.0,100,4821.683224
-100.0,100,4860.566349
-100.0,100,4901.030352
-100.0,100,4941.382721
-100.0,100,4981.646734
-100.0,100,5021.946965
-100.0,100,5062.262196
-100.0,100,5102.794624
-100.0,100,5143.0427
-100.0,100,5183.526555
-100.0,100,5223.823185
-100.0,100,5264.16258
-100.0,100,5304.382896
-100.0,100,5344.726901
-100.0,100,5385.43469
-100.0,100,5425.790709
-100.0,100,5466.086489
-100.0,100,5506.374621
-100.0,100,5547.078909
-100.0,100,5587.498414
-100.0,100,5627.774691
-100.0,100,5668.318431
-100.0,100,5708.702972
-100.0,100,5749.071105
-100.0,100,5789.50262
-100.0,100,5829.819142
-100.0,100,5870.290257
-100.0,100,5910.727145
-100.0,100,5950.994953
-100.0,100,5991.382624
-100.0,100,6031.81465
-100.0,100,6072.406441
-100.0,100,6112.942986
-100.0,100,6153.362668
-100.0,100,6193.970774
-100.0,100,6234.34255
-100.0,100,6274.523167
-100.0,100,6315.203252
-100.0,100,6355.506965
-100.0,100,6395.851034
-100.0,100,6436.543258
-100.0,100,6476.894511
-100.0,100,6517.214935
-100.0,100,6557.530414
-100.0,100,6597.726412
-100.0,100,6638.106871
-65.0,100,6678.39877
-100.0,100,6718.762731
-100.0,100,6759.070792
-100.0,100,6799.534886
-100.0,100,6840.071372
-100.0,100,6880.518814
-100.0,100,6919.718477
-84.0,100,6958.614794
-100.0,100,6997.44705
-100.0,100,7036.422682
-100.0,100,7075.474875
-100.0,100,7114.526296
-100.0,100,7153.802989
-88.0,100,7192.886341
-100.0,100,7232.02248
-100.0,100,7270.906374
-100.0,100,7311.334754
-100.0,100,7351.634606
-59.0,100,7391.934747
-100.0,100,7432.455226
-100.0,100,7472.97139
-100.0,100,7513.442247
-100.0,100,7553.711118
-100.0,100,7594.246612
-88.0,100,7634.590203
-100.0,100,7674.951224
-100.0,100,7715.603104
-100.0,100,7755.898291
-100.0,100,7796.571123
-100.0,100,7836.963237
-100.0,100,7877.219238
-100.0,100,7917.606913
-100.0,100,7958.103259
-100.0,100,7998.663039
-100.0,100,8039.086912
-100.0,100,8079.539066
-100.0,100,8119.898872
-100.0,100,8160.354199
-100.0,100,8200.791219
-100.0,100,8241.254782
-100.0,100,8281.962615
-100.0,100,8322.527206
-100.0,100,8363.162476
-100.0,100,8403.479105
-100.0,100,8444.099095
-100.0,100,8484.630332
-95.0,100,8525.038899
-100.0,100,8565.650418
-100.0,100,8606.010463
-100.0,100,8646.178191
-100.0,100,8686.486336
-84.0,100,8727.118536
-100.0,100,8767.518901
-100.0,100,8808.367311
-100.0,100,8848.886531
-100.0,100,8889.306716
-100.0,100,8929.658326
-94.0,100,8970.02283
-100.0,100,9010.326337
-100.0,100,9050.750632
-100.0,100,9091.074908
-100.0,100,9131.702187
-77.0,100,9172.0872
-100.0,100,9212.135223
-100.0,100,9252.466483
-46.0,100,9292.914692
-100.0,100,9331.966846
-100.0,100,9370.962652
-100.0,100,9410.118831
-100.0,100,9449.355076
-56.0,100,9488.430664
-100.0,100,9527.583059
-100.0,100,9566.723239
-100.0,100,9605.839159
-100.0,100,9644.914478
-100.0,100,9683.863194
-100.0,100,9724.307072
-89.0,100,9764.815047
-100.0,100,9805.107111
-100.0,100,9845.69076
-100.0,100,9885.971213
-91.0,100,9926.39854
-100.0,100,9966.942405
-100.0,100,10007.222611
-100.0,100,10047.754691
-100.0,100,10088.218337
-100.0,100,10128.694763
-100.0,100,10169.114151
-100.0,100,10209.494984
-100.0,100,10250.055037
-100.0,100,10290.65929
-100.0,100,10331.082869
-100.0,100,10371.478225
-100.0,100,10411.730752
-100.0,100,10451.987103
-100.0,100,10492.302545
-100.0,100,10532.754285
-100.0,100,10573.127023
-100.0,100,10613.439357
-100.0,100,10653.706666
-100.0,100,10694.182406
-100.0,100,10734.322461
-100.0,100,10774.663183
-100.0,100,10815.042506
-100.0,100,10855.511345
-100.0,100,10896.031043
-100.0,100,10936.422897
-100.0,100,10976.510221
-100.0,100,11016.918164
-100.0,100,11057.490575
-100.0,100,11097.850337
-84.0,100,11138.41844
-100.0,100,11179.111143
-100.0,100,11219.402637
-100.0,100,11259.886437
-100.0,100,11300.210648
-100.0,100,11340.723381
-100.0,100,11380.998456
-100.0,100,11421.406746
-100.0,100,11461.750334
-100.0,100,11502.302701
-100.0,100,11542.907202
-86.0,100,11583.227448
-100.0,100,11623.52638
-100.0,100,11663.866303
-100.0,100,11704.334931
-73.0,100,11743.694725
-100.0,100,11782.991266
-100.0,100,11822.206327
-100.0,100,11861.306771
-72.0,100,11900.555015
-100.0,100,11939.67071
-58.0,100,11978.578766
-86.0,100,12017.726792
-100.0,100,12056.92274
-100.0,100,12096.014925
-100.0,100,12136.707243
-100.0,100,12177.226489
-100.0,100,12217.815164
-100.0,100,12258.238286
-100.0,100,12298.998741
-83.0,100,12339.523251
-100.0,100,12380.07509
-46.0,100,12420.911054
-100.0,100,12461.494312
-100.0,100,12502.050497
-100.0,100,12542.61504
-100.0,100,12583.026574
-100.0,100,12623.479427
-100.0,100,12663.750428
-100.0,100,12704.139008
-100.0,100,12744.766887
-100.0,100,12785.550508
-100.0,100,12826.079148
-100.0,100,12866.490907
-100.0,100,12907.003106
-100.0,100,12947.17059
-100.0,100,12987.906404
-100.0,100,13028.551342
-100.0,100,13069.134957
-100.0,100,13109.827337
-100.0,100,13150.586938
-100.0,100,13191.002209
-100.0,100,13231.57033
-100.0,100,13271.766949
-100.0,100,13311.831244
-100.0,100,13352.215086
-100.0,100,13392.798638
-100.0,100,13433.314375
-100.0,100,13473.670454
-100.0,100,13514.247178
-100.0,100,13554.507176
-100.0,100,13595.183074
-100.0,100,13635.706481
-100.0,100,13675.942391
-100.0,100,13716.250257
-100.0,100,13756.934307
-100.0,100,13797.48631
-100.0,100,13838.154581
-83.0,100,13878.358992
-100.0,100,13918.866403
-90.0,100,13959.398383
-59.0,100,13999.831294
-100.0,100,14040.458309
-100.0,100,14080.982322
-100.0,100,14121.546823
-100.0,100,14160.62701
-100.0,100,14199.546712
-100.0,100,14238.410755
-100.0,100,14277.422671
-100.0,100,14316.454832
-100.0,100,14355.630746
-100.0,100,14394.73098
-100.0,100,14433.950645
-100.0,100,14473.01475
-100.0,100,14512.170756
-100.0,100,14552.458375
-100.0,100,14592.61911
-100.0,100,14633.154643
-100.0,100,14673.507388
-100.0,100,14714.139237
-77.0,100,14754.530366
-100.0,100,14794.855228
-99.0,100,14835.310512
-100.0,100,14875.770865
-100.0,100,14915.974394
-94.0,100,14956.322575
-100.0,100,14996.650901
-100.0,100,15036.907354
-100.0,100,15077.50638
-100.0,100,15117.990769
-100.0,100,15158.330672
-100.0,100,15198.946409
-52.0,100,15239.447168
-100.0,100,15279.52638
-100.0,100,15320.142249
-100.0,100,15360.31444
-100.0,100,15400.814394
-100.0,100,15441.66273
-100.0,100,15482.14257
-100.0,100,15522.46269
-64.0,100,15563.094678
-87.0,100,15603.431178
-100.0,100,15644.287361
-100.0,100,15685.142492
-100.0,100,15725.550592
-100.0,100,15765.814306
-100.0,100,15806.570842
-100.0,100,15847.106983
-100.0,100,15887.462593
-100.0,100,15927.814882
-100.0,100,15968.186794
-100.0,100,16008.514779
-100.0,100,16048.911005
-100.0,100,16089.462494
-100.0,100,16129.707191
-67.0,100,16170.290601
-100.0,100,16210.887185
-100.0,100,16251.135264
-100.0,100,16291.786189
-100.0,100,16332.350868
-100.0,100,16373.25106
-100.0,100,16413.674782
-100.0,100,16454.046894
-100.0,100,16494.575184
-100.0,100,16534.986225
-80.0,100,16574.046916
-100.0,100,16612.842535
-100.0,100,16651.882736
-100.0,100,16690.894504
-100.0,100,16729.967042
-87.0,100,16768.983034
-85.0,100,16807.934377
-100.0,100,16847.043196
-94.0,100,16886.2145
-100.0,100,16925.218812
-100.0,100,16965.694645
-100.0,100,17006.335251
-100.0,100,17046.72239
-100.0,100,17087.45902
-100.0,100,17128.122854
-100.0,100,17168.566277
-100.0,100,17208.907065
-100.0,100,17249.418396
-86.0,100,17290.231003
-100.0,100,17330.72317
-100.0,100,17371.274958
-100.0,100,17411.5264
-100.0,100,17451.95449
-100.0,100,17492.270337
-100.0,100,17533.022288
-100.0,100,17573.558696
-100.0,100,17614.098686
-100.0,100,17654.378401
-100.0,100,17694.70318
-100.0,100,17735.027187
-100.0,100,17775.542557
-100.0,100,17815.903001
-100.0,100,17856.40653
-100.0,100,17896.974537
-100.0,100,17937.355293
-100.0,100,17977.774579
-100.0,100,18018.31044
-100.0,100,18058.666479
-100.0,100,18099.110586
-72.0,100,18139.523148
-46.0,100,18180.010298
-100.0,100,18220.399136
-100.0,100,18260.970978
-100.0,100,18301.49532
-100.0,100,18341.802697
-100.0,100,18382.438409
-100.0,100,18423.006357
-100.0,100,18463.966394
-42.0,100,18504.470249
-100.0,100,18544.775029
-100.0,100,18585.130375
-100.0,100,18625.670972
-100.0,100,18666.039227
-100.0,100,18706.342512
-100.0,100,18746.707208
-100.0,100,18787.126601
-100.0,100,18827.482447
-100.0,100,18867.986597
-94.0,100,18908.330555
-100.0,100,18948.994647
-100.0,100,18988.014244
-100.0,100,19027.126451
-100.0,100,19066.170534
-96.0,100,19105.262916
-100.0,100,19144.330637
-93.0,100,19183.218719
-37.0,100,19222.546643
-57.0,100,19261.630347
-100.0,100,19300.726327
-86.0,100,19339.887347
-100.0,100,19380.65143
-100.0,100,19421.38335
-100.0,100,19462.36685
-100.0,100,19502.798361
-100.0,100,19543.24317
-100.0,100,19583.810317
-100.0,100,19624.010498
-100.0,100,19664.40309
-100.0,100,19704.942228
-100.0,100,19745.311374
-100.0,100,19785.762857
-68.0,100,19826.226773
-100.0,100,19866.247221
-100.0,100,19906.782732
-98.0,100,19947.350503
-100.0,100,19987.594559
-100.0,100,20027.946152
-100.0,100,20068.166462
-76.0,100,20108.44256
-100.0,100,20149.290647
-100.0,100,20189.606518
-100.0,100,20229.851022
-100.0,100,20270.454538
-79.0,100,20310.686552
-52.0,100,20351.074928
-100.0,100,20391.298772
-100.0,100,20431.674449
-100.0,100,20472.28219
-100.0,100,20512.658708
-100.0,100,20553.134383
-100.0,100,20593.406806
-100.0,100,20633.923135
-96.0,100,20674.087002
-100.0,100,20714.406314
-100.0,100,20754.827283
-99.0,100,20795.366729
-100.0,100,20836.058398
-100.0,100,20876.302801
-100.0,100,20917.20248
-100.0,100,20957.574449
-100.0,100,20997.934982
-86.0,100,21038.619448
-100.0,100,21079.059
-100.0,100,21119.803151
-100.0,100,21160.491367
-100.0,100,21201.047059
-100.0,100,21241.527347
-100.0,100,21281.978569
-100.0,100,21322.850693
-100.0,100,21363.599174
-100.0,100,21402.750396
-45.0,100,21441.838452
-100.0,100,21480.918783
-92.0,100,21520.042529
-58.0,100,21559.323373
-100.0,100,21598.430445
-49.0,100,21637.374877
-100.0,100,21676.559098
-92.0,100,21715.751153
-100.0,100,21754.854187
-100.0,100,21795.342731
-93.0,100,21835.854533
-100.0,100,21876.315354
-100.0,100,21916.806264
-71.0,100,21957.195367
-100.0,100,21998.086397
-100.0,100,22038.627328
-100.0,100,22079.242739
-100.0,100,22119.919032
-72.0,100,22160.346743
-100.0,100,22200.910582
-100.0,100,22241.162266
-34.0,100,22281.483256
-100.0,100,22321.990841
-100.0,100,22362.59865
-100.0,100,22402.962836
-100.0,100,22443.646206
-100.0,100,22484.030941
-100.0,100,22524.638625
-88.0,100,22565.018271
-100.0,100,22605.310613
-100.0,100,22645.542641
-100.0,100,22685.631036
-100.0,100,22726.163345
-100.0,100,22766.590948
-100.0,100,22807.27063
-100.0,100,22847.743106
-100.0,100,22887.84278
-100.0,100,22928.350252
-64.0,100,22968.69433
-95.0,100,23008.966765
-100.0,100,23049.318455
-100.0,100,23089.662323
-60.0,100,23130.13524
-100.0,100,23171.022377
-100.0,100,23211.359376
-100.0,100,23251.871277
-100.0,100,23292.386357
-95.0,100,23333.006866
-100.0,100,23373.526857
-100.0,100,23414.070587
-100.0,100,23454.514653
-53.0,100,23495.122715
-64.0,100,23535.594786
-100.0,100,23576.071125
-100.0,100,23616.45479
-37.0,100,23657.12737
-98.0,100,23697.750959
-100.0,100,23738.04311
-100.0,100,23778.606928
-100.0,100,23817.570543
-69.0,100,23856.735361
-78.0,100,23895.910695
-100.0,100,23934.990336
-100.0,100,23974.210559
-83.0,100,24013.56645
-100.0,100,24052.69464
-100.0,100,24091.839045
-100.0,100,24130.914282
-100.0,100,24169.786386
-100.0,100,24210.426468
-91.0,100,24250.835392
-89.0,100,24291.090346
-100.0,100,24331.594575
-100.0,100,24371.966687
-100.0,100,24412.590633
-100.0,100,24453.214575
-100.0,100,24493.662784
-100.0,100,24534.087088
-100.0,100,24574.630737
-100.0,100,24615.342781
-100.0,100,24655.882312
-100.0,100,24696.111111
-100.0,100,24736.475118
-100.0,100,24777.470437
-100.0,100,24818.146619
-100.0,100,24858.426713
-100.0,100,24898.642239
-100.0,100,24939.126929
-100.0,100,24979.718232
-100.0,100,25020.062743
-100.0,100,25060.426572
-54.0,100,25100.786216
-100.0,100,25140.982128
-41.0,100,25181.362814
-100.0,100,25221.722677
-100.0,100,25262.247231
-100.0,100,25302.671194
-75.0,100,25343.142396
-100.0,100,25383.35871
-100.0,100,25423.815246
-88.0,100,25464.210586
-100.0,100,25504.770389
-100.0,100,25545.310814
-93.0,100,25585.822293
-68.0,100,25626.342516
-100.0,100,25666.907145
-80.0,100,25707.255123
-100.0,100,25747.786875
-100.0,100,25788.150871
-100.0,100,25828.670339
-100.0,100,25869.126605
-86.0,100,25909.426374
-100.0,100,25949.930804
-81.0,100,25990.258798
-100.0,100,26030.538242
-100.0,100,26070.894386
-100.0,100,26111.102366
-100.0,100,26151.526397
-64.0,100,26191.986167
-100.0,100,26230.943105
-100.0,100,26270.170625
-65.0,100,26309.22312
-100.0,100,26348.283191
-100.0,100,26387.370839
-48.0,100,26426.666763
-45.0,100,26465.62281
-74.0,100,26504.542415
-79.0,100,26543.623097
-100.0,100,26582.847117
-88.0,100,26623.303205
-100.0,100,26663.986978
-91.0,100,26704.422391
-100.0,100,26744.986756
-58.0,100,26785.734694
-58.0,100,26826.263148
-68.0,100,26866.811181
-100.0,100,26907.274239
-94.0,100,26947.514861
-60.0,100,26987.890765
-72.0,100,27028.56265
-100.0,100,27068.834473
-100.0,100,27109.362606
-100.0,100,27150.058872
-100.0,100,27190.886199
-100.0,100,27231.222734
-73.0,100,27271.911066
-100.0,100,27312.767034
-100.0,100,27353.219203
-100.0,100,27393.526254
-100.0,100,27433.502884
-100.0,100,27473.962165
-100.0,100,27514.319023
-100.0,100,27554.858594
-100.0,100,27595.503232
-100.0,100,27636.142906
-99.0,100,27676.962897
-92.0,100,27717.634183
-94.0,100,27757.903253
-80.0,100,27798.114501
-100.0,100,27838.642584
-100.0,100,27879.274931
-100.0,100,27919.675145
-69.0,100,27960.354931
-100.0,100,28000.786947
-77.0,100,28041.270624
-88.0,100,28081.883204
-100.0,100,28122.482923
-98.0,100,28163.31495
-47.0,100,28203.862222
-100.0,100,28244.382962
-100.0,100,28285.218704
-100.0,100,28326.003069
-60.0,100,28366.435102
-100.0,100,28406.939151
-90.0,100,28447.342858
-100.0,100,28487.646427
-100.0,100,28527.950762
-100.0,100,28568.222775
-100.0,100,28608.814237
-100.0,100,28647.615368
-90.0,100,28686.682381
-64.0,100,28725.715139
-100.0,100,28764.811017
-100.0,100,28803.747045
-92.0,100,28842.774187
-96.0,100,28881.839049
-85.0,100,28920.742414
-83.0,100,28959.650618
-100.0,100,28998.730397
-100.0,100,29039.274687
-58.0,100,29079.870403
-100.0,100,29120.310724
-100.0,100,29160.87117
-86.0,100,29201.374515
-100.0,100,29241.70663
-100.0,100,29282.16634
-100.0,100,29322.882546
-79.0,100,29363.24711
-100.0,100,29403.722776
-100.0,100,29444.02277
-100.0,100,29484.5511
-100.0,100,29525.258713
-100.0,100,29565.758161
-56.0,100,29606.098342
-97.0,100,29646.522306
-89.0,100,29687.006345
-100.0,100,29727.423015
-100.0,100,29767.783193
-77.0,100,29808.174324
-100.0,100,29848.298646
-100.0,100,29888.646354
-100.0,100,29929.231175
-87.0,100,29969.686559
-100.0,100,30010.098401
-48.0,100,30050.846302
-72.0,100,30091.134551
-100.0,100,30131.539056
-60.0,100,30172.34693
-72.0,100,30212.895232
-100.0,100,30253.339009
-100.0,100,30293.583321
-100.0,100,30334.107033
-100.0,100,30374.526471
-100.0,100,30415.042416
-92.0,100,30455.450857
-100.0,100,30495.982631
-100.0,100,30536.16651
-58.0,100,30576.446979
-100.0,100,30616.807044
-95.0,100,30657.171217
-83.0,100,30697.702806
-50.0,100,30738.21887
-100.0,100,30778.463295
-100.0,100,30819.14219
-100.0,100,30859.542932
-100.0,100,30899.842763
-85.0,100,30940.23106
-100.0,100,30980.962339
-100.0,100,31021.183148
-87.0,100,31060.330919
-87.0,100,31099.258378
-100.0,100,31138.278502
-56.0,100,31177.350621
-100.0,100,31216.710418
-100.0,100,31255.710242
-100.0,100,31294.714406
-100.0,100,31333.687122
-90.0,100,31372.766517
-90.0,100,31411.963159
-68.0,100,31452.362198
-60.0,100,31492.686725
-57.0,100,31532.942508
-100.0,100,31573.098729
-99.0,100,31613.638597
-100.0,100,31654.267077
-100.0,100,31694.683217
-62.0,100,31735.462527
-55.0,100,31775.926688
-73.0,100,31816.338526
-100.0,100,31856.838234
-71.0,100,31897.210757
-100.0,100,31937.42671
-92.0,100,31978.211094
-100.0,100,32018.926568
-100.0,100,32059.410583
-79.0,100,32099.754759
-100.0,100,32140.274383
-62.0,100,32180.638392
-100.0,100,32221.294933
-51.0,100,32261.898655
-100.0,100,32302.115133
-54.0,100,32342.322871
-63.0,100,32382.866854
-100.0,100,32423.442801
-100.0,100,32464.018901
-100.0,100,32504.686378
-53.0,100,32545.390899
-100.0,100,32585.786596
-35.0,100,32626.342544
-100.0,100,32666.634898
-60.0,100,32707.254851
-99.0,100,32747.790977
-100.0,100,32788.586512
-95.0,100,32829.018574
-100.0,100,32869.650263
-100.0,100,32909.830892
-85.0,100,32950.183302
-87.0,100,32990.390914
-100.0,100,33030.690517
-100.0,100,33071.394325
-98.0,100,33111.670449
-100.0,100,33152.478987
-100.0,100,33193.058294
-100.0,100,33233.430383
-81.0,100,33274.042845
-96.0,100,33314.195054
-100.0,100,33354.647032
-100.0,100,33394.942474
-98.0,100,33435.218829
-58.0,100,33474.166281
-100.0,100,33513.310876
-100.0,100,33552.374448
-100.0,100,33591.474703
-74.0,100,33630.663326
-73.0,100,33669.574482
-100.0,100,33708.530499
-63.0,100,33747.663349
-84.0,100,33786.939105
-82.0,100,33825.999047
-40.0,100,33866.270807
-100.0,100,33906.88219
-57.0,100,33947.14699
-100.0,100,33987.634415
-100.0,100,34028.371018
-100.0,100,34068.674138
-100.0,100,34109.034597
-92.0,100,34149.583264
-100.0,100,34190.083354
-100.0,100,34230.467056
-100.0,100,34270.886873
-96.0,100,34311.498811
-83.0,100,34351.719049
-68.0,100,34392.134218
-100.0,100,34432.951086
-86.0,100,34473.639122
-100.0,100,34514.167025
-100.0,100,34554.742535
-100.0,100,34595.602798
-97.0,100,34635.923165
-64.0,100,34676.366389
-83.0,100,34717.171218
-46.0,100,34757.686783
-100.0,100,34797.978934
-37.0,100,34838.358387
-100.0,100,34879.002707
-100.0,100,34919.45121
-100.0,100,34960.314625
-100.0,100,35000.73024
-100.0,100,35040.866757
-89.0,100,35081.143283
-100.0,100,35121.966843
-96.0,100,35162.510977
-100.0,100,35203.034469
-100.0,100,35243.446476
-100.0,100,35284.134803
-100.0,100,35324.347191
-100.0,100,35364.942533
-100.0,100,35405.258885
-99.0,100,35445.486253
-100.0,100,35486.214527
-100.0,100,35526.790528
-64.0,100,35567.442554
-100.0,100,35607.718244
-100.0,100,35648.486689
-91.0,100,35689.09925
-100.0,100,35729.834594
-100.0,100,35769.990139
-100.0,100,35810.251278
-100.0,100,35850.838722
-74.0,100,35889.89444
-50.0,100,35928.795169
-67.0,100,35967.855208
-100.0,100,36006.938512
-97.0,100,36045.970361
-100.0,100,36085.039171
-100.0,100,36124.287127
-100.0,100,36163.310939
-76.0,100,36202.323254
-100.0,100,36241.535137
-100.0,100,36281.983327
-100.0,100,36322.434564
-66.0,100,36363.067295
-100.0,100,36403.230465
-99.0,100,36443.898698
-100.0,100,36484.331178
-100.0,100,36524.643205
-100.0,100,36565.366683
-100.0,100,36605.802171
-78.0,100,36646.951093
-100.0,100,36687.61135
-100.0,100,36728.142171
-100.0,100,36768.779114
-89.0,100,36809.534492
-100.0,100,36849.906661
-100.0,100,36890.139024
-100.0,100,36930.447167
-57.0,100,36971.183175
-100.0,100,37011.290702
-100.0,100,37051.55436
-100.0,100,37092.243164
-72.0,100,37132.690762
-64.0,100,37173.019121
-100.0,100,37213.218922
-100.0,100,37254.007042
-100.0,100,37294.683129
-100.0,100,37334.974891
-100.0,100,37375.38718
-100.0,100,37416.006866
-100.0,100,37456.786973
-100.0,100,37497.518886
-100.0,100,37538.206866
-90.0,100,37578.782631
-100.0,100,37619.707425
-100.0,100,37660.358419
-100.0,100,37700.986477
-67.0,100,37741.203091
-95.0,100,37781.578922
-100.0,100,37822.091239
-68.0,100,37862.395069
-100.0,100,37902.99141
-83.0,100,37943.427404
-100.0,100,37983.930557
-100.0,100,38024.595011
-90.0,100,38065.026713
-77.0,100,38105.518987
-100.0,100,38145.859208
-100.0,100,38186.142933
-85.0,100,38227.027254
-56.0,100,38267.63114
-100.0,100,38306.678488
-100.0,100,38345.470509
-100.0,100,38384.42293
-66.0,100,38423.435119
-100.0,100,38462.446441
-52.0,100,38501.467002
-52.0,100,38540.414617
-100.0,100,38579.350721
-100.0,100,38618.238544
-100.0,100,38657.006398
-56.0,100,38697.423282
-62.0,100,38738.002496
-89.0,100,38778.714416
-78.0,100,38819.166591
-100.0,100,38859.846188
-71.0,100,38900.347292
-100.0,100,38941.186743
-100.0,100,38981.763204
-100.0,100,39022.10265
-77.0,100,39062.702714
-100.0,100,39103.122918
-81.0,100,39143.414183
-100.0,100,39184.070936
-100.0,100,39224.515128
-100.0,100,39264.98701
-99.0,100,39305.439064
-100.0,100,39345.966551
-97.0,100,39386.334441
-100.0,100,39426.870497
-100.0,100,39467.654378
-100.0,100,39508.130595
-100.0,100,39548.574425
-82.0,100,39589.154859
-94.0,100,39629.666795
-84.0,100,39670.110965
-100.0,100,39710.266232
-68.0,100,39750.399139
-100.0,100,39790.882684
-100.0,100,39831.378471
-23.0,100,39871.758462
-100.0,100,39912.274406
-100.0,100,39952.92645
-100.0,100,39993.034994
-88.0,100,40033.326264
-60.0,100,40073.919159
-93.0,100,40114.406287
-100.0,100,40154.863212
-91.0,100,40195.507052
-74.0,100,40235.883371
-100.0,100,40276.198616
-100.0,100,40316.538683
-69.0,100,40357.167149
-100.0,100,40397.798805
-100.0,100,40438.402384
-100.0,100,40479.058346
-100.0,100,40519.658407
-71.0,100,40559.919193
-100.0,100,40600.306549
-100.0,100,40640.806488
-52.0,100,40681.226548
-53.0,100,40720.066387
-92.0,100,40759.042514
-41.0,100,40798.127348
-100.0,100,40836.950718
-73.0,100,40875.98646
-47.0,100,40915.166413
-100.0,100,40954.286839
-100.0,100,40993.298722
-85.0,100,41032.202996
-87.0,100,41071.234914
-100.0,100,41111.519257
-96.0,100,41151.918913
-100.0,100,41192.47835
-100.0,100,41232.574478
-100.0,100,41273.106717
-100.0,100,41313.426892
-98.0,100,41354.174823
-100.0,100,41394.750172
-100.0,100,41435.154285
-100.0,100,41475.674163
-59.0,100,41516.28321
-31.0,100,41556.786459
-100.0,100,41597.03118
-89.0,100,41637.762345
-100.0,100,41678.0111
-100.0,100,41718.250371
-100.0,100,41758.566878
-87.0,100,41799.214772
-91.0,100,41840.378606
-100.0,100,41880.738857
-100.0,100,41921.443248
-100.0,100,41962.118653
-100.0,100,42002.542901
-99.0,100,42043.294967
-100.0,100,42083.606537
-100.0,100,42124.302793
-100.0,100,42164.694216
-100.0,100,42205.098693
-74.0,100,42245.663154
-99.0,100,42286.182901
-88.0,100,42326.742845
-100.0,100,42366.947101
-95.0,100,42407.338585
-100.0,100,42447.911195
-100.0,100,42488.5588
-100.0,100,42528.906899
-39.0,100,42569.327359
-100.0,100,42610.018646
-100.0,100,42650.502578
-100.0,100,42691.042405
-100.0,100,42731.587102
-100.0,100,42772.386634
-100.0,100,42812.830835
-100.0,100,42853.050664
-100.0,100,42893.555098
-100.0,100,42934.239412
-92.0,100,42974.802843
-100.0,100,43015.366938
-100.0,100,43055.97485
-61.0,100,43096.726898
-100.0,100,43135.891293
-83.0,100,43174.946654
-100.0,100,43213.990494
-51.0,100,43253.170446
-87.0,100,43292.42659
-65.0,100,43331.371323
-50.0,100,43370.399113
-100.0,100,43409.366651
-100.0,100,43448.450971
-100.0,100,43487.478652
-90.0,100,43528.106721
-100.0,100,43568.574515
-100.0,100,43609.654947
-86.0,100,43650.250449
-100.0,100,43690.746911
-78.0,100,43731.150605
-100.0,100,43771.602853
-100.0,100,43811.955359
-75.0,100,43852.131211
-98.0,100,43892.799251
-100.0,100,43933.210337
-100.0,100,43973.930863
-100.0,100,44014.246172
-68.0,100,44055.030645
-100.0,100,44095.522389
-100.0,100,44135.954996
-100.0,100,44176.418947
-81.0,100,44216.807159
-100.0,100,44257.226362
-88.0,100,44298.106661
-100.0,100,44338.426569
-100.0,100,44378.630269
-100.0,100,44418.858693
-100.0,100,44458.994874
-81.0,100,44499.659509
-100.0,100,44540.458414
-100.0,100,44580.758681
-80.0,100,44621.131197
-100.0,100,44661.650245
-90.0,100,44702.366198
-100.0,100,44742.883363
-100.0,100,44783.49455
-100.0,100,44824.171065
-100.0,100,44864.463033
-100.0,100,44904.682358
-100.0,100,44945.00308
-61.0,100,44985.5266
-100.0,100,45025.847234
-100.0,100,45066.295041
-100.0,100,45106.702426
-76.0,100,45147.414637
-96.0,100,45187.950487
-100.0,100,45228.138894
-95.0,100,45268.28224
-100.0,100,45308.663217
-100.0,100,45348.863077
-100.0,100,45389.31868
-73.0,100,45429.626439
-100.0,100,45470.58239
-100.0,100,45510.723048
-100.0,100,45549.826717
-81.0,100,45588.914567
-100.0,100,45628.102468
-100.0,100,45667.003098
-46.0,100,45706.038593
-100.0,100,45744.943157
-86.0,100,45784.314223
-100.0,100,45823.366269
-100.0,100,45862.206203
-100.0,100,45901.279222
-100.0,100,45942.254184
-100.0,100,45982.906743
-100.0,100,46023.527335
-87.0,100,46064.326884
-100.0,100,46104.582335
-100.0,100,46144.878606
-93.0,100,46185.483252
-100.0,100,46226.322552
-100.0,100,46266.542448
-79.0,100,46307.022706
-74.0,100,46347.387285
-77.0,100,46387.862615
-100.0,100,46428.182501
-100.0,100,46468.594407
-100.0,100,46509.114434
-100.0,100,46550.050539
-100.0,100,46590.64247
-46.0,100,46630.863113
-100.0,100,46671.234936
-100.0,100,46711.618325
-82.0,100,46752.258553
-100.0,100,46792.698363
-100.0,100,46833.106519
-39.0,100,46873.238797
-89.0,100,46913.530798
-100.0,100,46954.062543
-100.0,100,46994.546485
-100.0,100,47035.278639
-92.0,100,47075.882791
-100.0,100,47116.294691
-100.0,100,47156.50299
-100.0,100,47197.159346
-100.0,100,47237.783112
-100.0,100,47278.134481
-100.0,100,47318.6027
-100.0,100,47359.306331
-100.0,100,47399.830234
-100.0,100,47440.567149
-77.0,100,47481.055166
-100.0,100,47521.526425
-100.0,100,47562.102238
-100.0,100,47602.242562
-100.0,100,47642.550403
-100.0,100,47682.807306
-100.0,100,47723.402803
-60.0,100,47764.034364
-100.0,100,47804.727149
-100.0,100,47845.334768
-100.0,100,47885.874789
-100.0,100,47926.547081
-72.0,100,47965.382384
-100.0,100,48004.642468
-89.0,100,48043.694481
-100.0,100,48082.826708
-72.0,100,48121.71463
-100.0,100,48160.698466
-100.0,100,48199.55061
-100.0,100,48238.491024
-89.0,100,48277.431387
-100.0,100,48316.5226
-100.0,100,48356.966696
-100.0,100,48397.698847
-100.0,100,48437.963174
-84.0,100,48478.342466
-67.0,100,48519.014351
-92.0,100,48559.758582
-100.0,100,48600.403348
-98.0,100,48640.906774
-100.0,100,48681.514626
-100.0,100,48722.530357
-100.0,100,48763.398448
-100.0,100,48803.43874
-100.0,100,48844.122448
-100.0,100,48884.470996
-100.0,100,48925.323379
-96.0,100,48965.819028
-100.0,100,49006.354469
-100.0,100,49047.18278
-100.0,100,49087.874963
-100.0,100,49128.702958
-56.0,100,49169.187063
-100.0,100,49209.846387
-100.0,100,49250.574817
-100.0,100,49290.794246
-100.0,100,49331.146362
-100.0,100,49372.09495
-91.0,100,49412.335054
-56.0,100,49452.746976
-100.0,100,49493.346381
-100.0,100,49533.871151
-100.0,100,49574.16678
-76.0,100,49614.622949
-100.0,100,49655.543113
-100.0,100,49696.063306
-100.0,100,49736.822373
-100.0,100,49777.582686
-80.0,100,49817.886674
-51.0,100,49858.571213
-100.0,100,49899.230433
-100.0,100,49939.559284
-100.0,100,49980.162926
-100.0,100,50021.19824
-94.0,100,50061.974566
-100.0,100,50102.266462
-100.0,100,50142.971272
-100.0,100,50183.630432
-86.0,100,50224.134355
-100.0,100,50264.594908
-100.0,100,50305.146363
-100.0,100,50345.483235
-100.0,100,50384.458943
-100.0,100,50423.374514
-100.0,100,50462.390292
-100.0,100,50501.378767
-100.0,100,50540.298384
-100.0,100,50579.319077
-100.0,100,50618.414761
-100.0,100,50657.758358
-100.0,100,50696.867053
-100.0,100,50736.054732
-100.0,100,50776.671081
-100.0,100,50817.190592
-100.0,100,50857.571243
-100.0,100,50898.522936
-100.0,100,50938.70651
-100.0,100,50979.162737
-100.0,100,51019.403072
-100.0,100,51059.682187
-100.0,100,51100.202877
-100.0,100,51140.563213
-100.0,100,51181.010982
-100.0,100,51221.427178
-100.0,100,51262.066471
-100.0,100,51302.950327
-100.0,100,51343.651257
-100.0,100,51384.223027
-100.0,100,51424.806602
-100.0,100,51465.318835
-100.0,100,51505.978334
-100.0,100,51546.314803
-100.0,100,51587.102832
-100.0,100,51627.622741
-100.0,100,51668.114932
-100.0,100,51708.738381
-100.0,100,51749.510559
-100.0,100,51789.942843
-100.0,100,51830.683017
-100.0,100,51871.503229
-100.0,100,51911.886809
-100.0,100,51952.11446
-100.0,100,51992.394783
-100.0,100,52032.75103
-100.0,100,52073.090348
-100.0,100,52113.638949
-100.0,100,52153.870505
-100.0,100,52194.646648
-100.0,100,52235.126225
-100.0,100,52275.715216
-100.0,100,52316.23075
-100.0,100,52356.850859
-100.0,100,52397.418728
-100.0,100,52438.106607
-100.0,100,52478.64257
-100.0,100,52519.13484
-100.0,100,52559.799275
-54.0,100,52600.490319
-71.0,100,52640.92285
-100.0,100,52681.423081
-100.0,100,52721.930669
-100.0,100,52762.246653
-100.0,100,52801.082374
-100.0,100,52840.218968
-100.0,100,52879.186654
-100.0,100,52918.058415
-30.0,100,52957.239143
-53.0,100,52996.258828
-100.0,100,53035.462388
-55.0,100,53074.370457
-39.0,100,53113.46277
-100.0,100,53152.531125
-100.0,100,53192.907114
-100.0,100,53233.414362
-100.0,100,53273.787042
-100.0,100,53314.342603
-63.0,100,53354.874649
-100.0,100,53395.686402
-100.0,100,53436.478388
-100.0,100,53476.866973
-77.0,100,53517.387252
-45.0,100,53558.094565
-100.0,100,53598.542346
-100.0,100,53638.926758
-100.0,100,53679.50336
-100.0,100,53719.967331
-100.0,100,53760.958573
-100.0,100,53801.670589
-49.0,100,53842.122267
-100.0,100,53882.327123
-100.0,100,53922.850912
-75.0,100,53963.71503
-100.0,100,54004.227412
-100.0,100,54044.734386
-94.0,100,54085.514716
-88.0,100,54125.770393
-100.0,100,54166.3506
-100.0,100,54206.546555
-100.0,100,54247.398891
-100.0,100,54288.158655
-58.0,100,54328.342916
-92.0,100,54369.222331
-100.0,100,54410.215252
-100.0,100,54450.494389
-100.0,100,54490.990873
-100.0,100,54531.35439
-68.0,100,54571.847012
-100.0,100,54612.183208
-100.0,100,54652.474505
-100.0,100,54692.603045
-81.0,100,54732.987033
-88.0,100,54773.775074
-37.0,100,54814.478294
-100.0,100,54854.66731
-93.0,100,54895.282682
-80.0,100,54935.999262
-100.0,100,54976.850738
-100.0,100,55017.418913
-100.0,100,55058.062636
-100.0,100,55098.690535
-100.0,100,55139.422701
-100.0,100,55179.887007
-100.0,100,55218.955136
-100.0,100,55257.970666
-76.0,100,55297.195305
-100.0,100,55336.27134
-100.0,100,55375.195271
-100.0,100,55414.259053
-100.0,100,55453.619165
-100.0,100,55492.654533
-100.0,100,55531.890853
-100.0,100,55571.123149
-100.0,100,55611.87431
-100.0,100,55652.20237
-86.0,100,55692.658809
-100.0,100,55733.230854
-100.0,100,55773.643367
-64.0,100,55814.091175
-60.0,100,55854.343387
-100.0,100,55895.130454
-72.0,100,55935.498504
-100.0,100,55976.166702
-60.0,100,56016.84312
-68.0,100,56057.49057
-100.0,100,56097.746763
-85.0,100,56137.650641
-93.0,100,56178.17463
-100.0,100,56218.362926
-100.0,100,56258.622934
-100.0,100,56299.03103
-98.0,100,56339.65053
-100.0,100,56380.28285
-100.0,100,56420.775071
-100.0,100,56461.44688
-100.0,100,56501.982351
-100.0,100,56542.42343
-52.0,100,56583.126707
-100.0,100,56623.619015
-100.0,100,56664.234561
-100.0,100,56704.950783
-100.0,100,56745.827146
-100.0,100,56786.210699
-88.0,100,56827.051001
-62.0,100,56867.550372
-68.0,100,56908.254421
-100.0,100,56948.731045
-100.0,100,56989.078194
-52.0,100,57029.862597
-69.0,100,57070.414374
-100.0,100,57110.727314
-100.0,100,57151.695023
-100.0,100,57192.154987
-100.0,100,57232.566535
-84.0,100,57273.062621
-100.0,100,57313.114665
-100.0,100,57354.067386
-84.0,100,57394.739318
-100.0,100,57435.246522
-62.0,100,57475.762629
-100.0,100,57516.479051
-100.0,100,57556.738275
-100.0,100,57597.54669
-100.0,100,57636.598595
-100.0,100,57675.738415
-100.0,100,57714.747336
-83.0,100,57753.702277
-100.0,100,57792.766225
-100.0,100,57831.606503
-100.0,100,57870.582761
-100.0,100,57909.614744
-100.0,100,57948.422483
-100.0,100,57987.466797
-100.0,100,58028.018642
-100.0,100,58068.610213
-100.0,100,58109.274794
-100.0,100,58149.946548
-100.0,100,58190.202798
-97.0,100,58230.714724
-100.0,100,58271.095266
-100.0,100,58311.442238
-21.0,100,58352.17491
-100.0,100,58392.894771
-100.0,100,58433.287161
-100.0,100,58473.706491
-100.0,100,58514.335068
-74.0,100,58554.770828
-100.0,100,58595.590482
-100.0,100,58636.054917
-100.0,100,58676.706795
-88.0,100,58717.134641
-55.0,100,58757.75056
-100.0,100,58798.306827
-100.0,100,58838.947284
-80.0,100,58879.238307
-100.0,100,58919.730639
-90.0,100,58960.134731
-100.0,100,59000.698524
-100.0,100,59041.334381
-94.0,100,59081.702617
-100.0,100,59122.407199
-74.0,100,59162.546834
-100.0,100,59203.086519
-100.0,100,59243.698484
-66.0,100,59283.974229
-48.0,100,59324.530779
-100.0,100,59364.990576
-100.0,100,59405.97054
-100.0,100,59446.403353
-100.0,100,59486.778769
-100.0,100,59527.243153
-100.0,100,59567.815228
-100.0,100,59608.258798
-100.0,100,59649.042488
-100.0,100,59689.586522
-100.0,100,59730.191263
-100.0,100,59771.026902
-100.0,100,59811.774605
-100.0,100,59852.206491
-100.0,100,59892.986496
-100.0,100,59933.54296
-100.0,100,59974.226779
-100.0,100,60015.095131
-100.0,100,60054.091123
-100.0,100,60092.962999
-100.0,100,60132.114246
-100.0,100,60171.190343
-100.0,100,60210.119183
-100.0,100,60249.247108
-100.0,100,60288.226702
-100.0,100,60327.063144
-100.0,100,60366.046613
-100.0,100,60404.986894
-100.0,100,60445.610154
-100.0,100,60486.427032
-100.0,100,60526.715287
-100.0,100,60567.222902
-100.0,100,60607.638673
-100.0,100,60648.28247
-100.0,100,60688.622656
-100.0,100,60729.102556
-100.0,100,60769.722977
-100.0,100,60810.258557
-100.0,100,60850.566769
-100.0,100,60891.043191
-100.0,100,60931.638493
-100.0,100,60972.162161
-100.0,100,61013.20262
-100.0,100,61053.898628
-100.0,100,61094.286843
-100.0,100,61134.99888
-100.0,100,61176.082808
-100.0,100,61216.774432
-100.0,100,61257.402595
-100.0,100,61297.970765
-100.0,100,61338.722461
-100.0,100,61379.290914
-100.0,100,61419.774605
-100.0,100,61460.750733
-100.0,100,61501.174534
-100.0,100,61541.635118
-100.0,100,61582.802628
-100.0,100,61623.410357
-100.0,100,61664.126958
-100.0,100,61704.547439
-100.0,100,61745.026446
-100.0,100,61785.40645
-100.0,100,61825.530409
-100.0,100,61865.946766
-100.0,100,61906.174835
-100.0,100,61946.503355
-100.0,100,61986.843022
-100.0,100,62027.470575
-100.0,100,62068.191217
-100.0,100,62108.343138
-100.0,100,62148.598616
-100.0,100,62188.934532
-100.0,100,62229.31027
-100.0,100,62269.570516
-100.0,100,62310.411383
-100.0,100,62350.826428
-100.0,100,62391.262622
-100.0,100,62431.806813
-100.0,100,62470.902868
-100.0,100,62509.946627
-100.0,100,62549.17511
-100.0,100,62588.32273
-100.0,100,62627.44678
-100.0,100,62666.68734
-100.0,100,62705.914473
-100.0,100,62744.843046
-100.0,100,62783.850768
-100.0,100,62822.771372
-100.0,100,62863.330849
-100.0,100,62904.030743
-100.0,100,62944.490602
-100.0,100,62985.01067
-100.0,100,63025.554526
-100.0,100,63065.739164
-100.0,100,63106.462232
-100.0,100,63147.058466
-100.0,100,63187.306449
-100.0,100,63228.106616
-100.0,100,63268.502452
-100.0,100,63308.974273
-100.0,100,63349.522577
-100.0,100,63389.674839
-100.0,100,63430.315083
-100.0,100,63470.562577
-100.0,100,63511.130307
-100.0,100,63551.582853
-100.0,100,63592.230936
-100.0,100,63632.958144
-100.0,100,63673.334805
-100.0,100,63713.85484
-100.0,100,63754.202288
-100.0,100,63794.462722
-100.0,100,63835.170406
-100.0,100,63875.398463
-100.0,100,63916.050851
-100.0,100,63956.651152
-100.0,100,63997.531226
-100.0,100,64038.01098
-100.0,100,64078.447149
-100.0,100,64118.814546
-100.0,100,64159.342517
-100.0,100,64199.479305
-100.0,100,64240.046825
-100.0,100,64280.502627
-100.0,100,64320.938958
-100.0,100,64361.318315
-100.0,100,64401.814848
-100.0,100,64442.394361
-100.0,100,64482.942795
-100.0,100,64523.211145
-100.0,100,64563.850787
-100.0,100,64604.462493
-100.0,100,64644.942199
-100.0,100,64685.342768
-100.0,100,64726.014361
-100.0,100,64766.459101
-100.0,100,64807.114582
-100.0,100,64847.603092
-100.0,100,64886.658585
-100.0,100,64925.650558
-100.0,100,64964.751147
-100.0,100,65003.84683
-100.0,100,65042.934596
-100.0,100,65081.898351
-100.0,100,65120.910559
-100.0,100,65159.998548
-100.0,100,65198.838308
-100.0,100,65237.934286
-100.0,100,65278.842827
-100.0,100,65319.314695
-100.0,100,65360.178825
-100.0,100,65400.506577
-100.0,100,65441.035136
-100.0,100,65481.654982
-100.0,100,65522.354545
-100.0,100,65562.943239
-100.0,100,65603.642698
-100.0,100,65644.32664
-100.0,100,65684.859281
-100.0,100,65725.426544
-100.0,100,65765.831118
-100.0,100,65806.338897
-100.0,100,65846.986917
-100.0,100,65887.563343
-100.0,100,65928.266276
-100.0,100,65968.554797
-100.0,100,66008.887112
-100.0,100,66049.654951
-100.0,100,66090.334798
-100.0,100,66130.650561
-100.0,100,66171.211076
-100.0,100,66211.783088
-100.0,100,66252.586538
-100.0,100,66293.16276
-100.0,100,66333.826236
-100.0,100,66374.07899
-100.0,100,66414.442363
-100.0,100,66454.990485
-100.0,100,66495.407225
-100.0,100,66536.315165
-100.0,100,66576.946866
-100.0,100,66617.682823
-100.0,100,66658.231011
-100.0,100,66698.754472
-100.0,100,66739.186768
-100.0,100,66779.786219
-100.0,100,66820.138567
-100.0,100,66860.627156
-100.0,100,66901.270931
-100.0,100,66941.791016
-100.0,100,66982.426641
-100.0,100,67023.014889
-100.0,100,67063.746401
-100.0,100,67104.586976
-100.0,100,67145.022328
-100.0,100,67185.699294
-100.0,100,67226.12291
-100.0,100,67267.010567
-100.0,100,67306.022172
-100.0,100,67345.17524
-100.0,100,67384.022656
-85.0,100,67423.194587
-100.0,100,67462.198931
-100.0,100,67501.334515
-100.0,100,67540.347418
-100.0,100,67579.542549
-61.0,100,67618.462678
-100.0,100,67657.531242
-29.0,100,67697.923309
-98.0,100,67738.538742
-100.0,100,67779.178558
-100.0,100,67819.654526
-100.0,100,67860.07123
-100.0,100,67900.614882
-37.0,100,67941.203133
-82.0,100,67981.578524
-100.0,100,68022.2152
-100.0,100,68062.743029
-100.0,100,68103.45109
-100.0,100,68143.986559
-100.0,100,68184.58337
-38.0,100,68225.426209
-88.0,100,68265.942235
-59.0,100,68306.178276
-100.0,100,68346.6385
-100.0,100,68387.298853
-100.0,100,68427.822856
-100.0,100,68468.538796
-100.0,100,68509.174683
-100.0,100,68549.814958
-100.0,100,68590.366243
-82.0,100,68630.702955
-100.0,100,68671.331149
-100.0,100,68712.206969
-71.0,100,68752.382879
-100.0,100,68792.990964
-100.0,100,68833.511327
-100.0,100,68873.606873
-84.0,100,68913.954587
-100.0,100,68954.546956
-100.0,100,68995.127251
-100.0,100,69035.582588
-100.0,100,69076.186785
-95.0,100,69116.758259
-100.0,100,69157.122689
-100.0,100,69197.803144
-100.0,100,69238.566593
-100.0,100,69279.199033
-66.0,100,69319.878372
-56.0,100,69360.2145
-100.0,100,69400.598755
-73.0,100,69441.090569
-100.0,100,69481.671114
-100.0,100,69522.57529
-100.0,100,69563.291092
-100.0,100,69603.854703
-100.0,100,69644.394616
-100.0,100,69684.915039
-42.0,100,69723.886759
-100.0,100,69762.898747
-78.0,100,69802.242409
-93.0,100,69841.230542
-97.0,100,69880.354396
-100.0,100,69919.48298
-79.0,100,69958.770577
-73.0,100,69997.650637
-100.0,100,70036.686891
-78.0,100,70076.046833
-100.0,100,70116.23515
-100.0,100,70157.014883
-100.0,100,70197.810548
-100.0,100,70238.542919
-100.0,100,70279.138615
-100.0,100,70319.762522
-100.0,100,70360.37464
-100.0,100,70400.834942
-100.0,100,70441.422631
-100.0,100,70482.167284
-100.0,100,70522.810882
-100.0,100,70563.19047
-100.0,100,70603.846326
-69.0,100,70643.97435
-100.0,100,70684.390515
-100.0,100,70724.802493
-100.0,100,70765.154644
-100.0,100,70805.566599
-100.0,100,70846.238424
-41.0,100,70887.014759
-100.0,100,70927.351025
-100.0,100,70968.231036
-100.0,100,71009.099262
-100.0,100,71049.475039
-100.0,100,71089.822356
-100.0,100,71130.182869
-100.0,100,71170.499165
-100.0,100,71211.23844
-88.0,100,71251.694352
-100.0,100,71292.294263
-100.0,100,71332.78702
-100.0,100,71373.042896
-100.0,100,71413.978538
-100.0,100,71454.650857
-100.0,100,71494.790715
-100.0,100,71535.642301
-91.0,100,71576.074461
-100.0,100,71616.502948
-100.0,100,71657.14318
-100.0,100,71697.342541
-100.0,100,71737.654489
-100.0,100,71778.102914
-100.0,100,71818.382697
-100.0,100,71859.05044
-87.0,100,71899.466413
-92.0,100,71940.158906
-100.0,100,71980.735434
-100.0,100,72021.398281
-100.0,100,72061.810959
-100.0,100,72102.298487
-100.0,100,72141.366186
-100.0,100,72180.34678
-100.0,100,72219.48688
-68.0,100,72258.542909
-100.0,100,72297.362234
-81.0,100,72336.522981
-100.0,100,72375.670474
-59.0,100,72414.842867
-100.0,100,72453.911276
-100.0,100,72493.222784
-68.0,100,72533.570736
-100.0,100,72574.043022
-100.0,100,72614.38264
-100.0,100,72654.863301
-88.0,100,72695.49875
-100.0,100,72736.166868
-100.0,100,72776.810414
-89.0,100,72817.635119
-98.0,100,72858.13854
-100.0,100,72899.046282
-100.0,100,72939.655159
-100.0,100,72980.202756
-100.0,100,73020.742512
-100.0,100,73061.402743
-86.0,100,73101.722528
-49.0,100,73142.587388
-100.0,100,73183.25878
-98.0,100,73223.871067
-100.0,100,73264.446622
-100.0,100,73304.866789
-83.0,100,73345.046831
-100.0,100,73385.359094
-74.0,100,73426.138819
-100.0,100,73466.754609
-100.0,100,73507.406455
-100.0,100,73548.282739
-100.0,100,73589.00643
-100.0,100,73629.314472
-60.0,100,73669.630315
-48.0,100,73710.155013
-100.0,100,73750.951018
-100.0,100,73791.779221
-93.0,100,73832.518949
-60.0,100,73872.874677
-100.0,100,73913.542925
-100.0,100,73954.227124
-80.0,100,73995.131033
-92.0,100,74035.998749
-66.0,100,74076.45884
-100.0,100,74117.406506
-70.0,100,74158.267199
-100.0,100,74199.119164
-100.0,100,74239.778378
-82.0,100,74280.295244
-100.0,100,74321.010374
-100.0,100,74361.782708
-54.0,100,74402.655302
-100.0,100,74443.042526
-75.0,100,74483.77444
-100.0,100,74524.166916
-100.0,100,74563.230669
-100.0,100,74602.199344
-100.0,100,74641.146536
-33.0,100,74679.97491
-100.0,100,74719.034597
-100.0,100,74758.038748
-100.0,100,74797.083017
-100.0,100,74836.094499
-100.0,100,74875.055239
-100.0,100,74914.106304
-100.0,100,74954.922454
-100.0,100,74995.535126
-100.0,100,75035.962182
-88.0,100,75076.414623
-100.0,100,75116.730847
-94.0,100,75157.186877
-100.0,100,75197.934994
-100.0,100,75238.578383
-90.0,100,75279.146361
-100.0,100,75319.431107
-100.0,100,75360.175191
-100.0,100,75400.87884
-100.0,100,75441.23112
-100.0,100,75481.958886
-100.0,100,75522.790863
-100.0,100,75563.614583
-100.0,100,75603.986468
-100.0,100,75644.76268
-100.0,100,75685.054514
-81.0,100,75725.206493
-100.0,100,75766.026738
-89.0,100,75806.875295
-78.0,100,75847.278684
-100.0,100,75887.686212
-100.0,100,75928.298306
-100.0,100,75968.682909
-67.0,100,76009.135251
-52.0,100,76050.002762
-100.0,100,76090.219232
-100.0,100,76130.642439
-100.0,100,76171.306585
-80.0,100,76211.826385
-73.0,100,76252.278215
-100.0,100,76292.835165
-88.0,100,76333.554795
-100.0,100,76373.946322
-100.0,100,76414.211102
-100.0,100,76454.770894
-100.0,100,76495.867057
-100.0,100,76536.314692
-98.0,100,76576.922435
-100.0,100,76617.790632
-100.0,100,76658.146549
-77.0,100,76699.026408
-95.0,100,76739.727156
-100.0,100,76779.903311
-100.0,100,76820.395442
-100.0,100,76861.082435
-100.0,100,76901.882313
-100.0,100,76942.087192
-100.0,100,76981.018788
-93.0,100,77020.010767
-78.0,100,77059.042795
-100.0,100,77098.174221
-48.0,100,77137.054654
-100.0,100,77176.31852
-72.0,100,77215.558816
-100.0,100,77254.670358
-94.0,100,77293.674367
-100.0,100,77332.687152
-99.0,100,77372.883483
-100.0,100,77413.154683
-100.0,100,77453.754487
-100.0,100,77494.342595
-55.0,100,77534.310248
-100.0,100,77574.886796
-100.0,100,77615.442799
-100.0,100,77656.138966
-100.0,100,77697.218607
-100.0,100,77737.659025
-100.0,100,77778.03089
-88.0,100,77818.626595
-100.0,100,77858.882986
-100.0,100,77899.242904
-100.0,100,77939.882385
-100.0,100,77980.26253
-76.0,100,78020.694865
-77.0,100,78061.251089
-46.0,100,78101.710801
-65.0,100,78142.287445
-48.0,100,78182.866792
-100.0,100,78223.14662
-100.0,100,78263.726637
-95.0,100,78304.603048
-100.0,100,78344.846508
-100.0,100,78385.639364
-87.0,100,78425.994524
-83.0,100,78466.258545
-100.0,100,78506.666807
-100.0,100,78547.167296
-100.0,100,78587.730336
-90.0,100,78628.010942
-100.0,100,78668.306462
-100.0,100,78708.823398
-98.0,100,78749.679087
-100.0,100,78790.702915
-100.0,100,78831.286734
-100.0,100,78871.507192
-100.0,100,78912.070322
-100.0,100,78952.363158
-100.0,100,78992.814335
-100.0,100,79033.26264
-100.0,100,79073.6474
-100.0,100,79114.027049
-100.0,100,79154.647085
-94.0,100,79195.439088
-100.0,100,79235.782399
-84.0,100,79276.494543
-100.0,100,79317.362929
-66.0,100,79358.050716
-97.0,100,79397.043071
-63.0,100,79435.910205
-100.0,100,79475.17869
-91.0,100,79514.199199
-83.0,100,79553.322419
-40.0,100,79592.367109
-60.0,100,79631.195129
-100.0,100,79670.346842
-100.0,100,79709.586541
-100.0,100,79748.587114
-51.0,100,79788.962406
-100.0,100,79829.398866
-100.0,100,79869.827069
-100.0,100,79910.658864
-78.0,100,79950.950496
-80.0,100,79991.402639
-100.0,100,80031.866416
-100.0,100,80072.106388
-60.0,100,80112.738907
-100.0,100,80153.299125
-100.0,100,80193.751123
-73.0,100,80234.242547
-99.0,100,80274.794837
-100.0,100,80315.738733
-100.0,100,80356.670405
-78.0,100,80397.378637
-100.0,100,80438.267032
-100.0,100,80478.558669
-100.0,100,80518.890195
-100.0,100,80559.387168
-100.0,100,80599.894672
-100.0,100,80640.338691
-100.0,100,80681.055126
-100.0,100,80721.58733
-90.0,100,80762.23484
-96.0,100,80803.154287
-94.0,100,80843.763322
-100.0,100,80884.386852
-100.0,100,80925.218368
-100.0,100,80965.703293
-60.0,100,81005.954478
-100.0,100,81046.354989
-100.0,100,81087.027155
-100.0,100,81128.174403
-100.0,100,81168.978901
-56.0,100,81209.314521
-100.0,100,81249.830558
-100.0,100,81290.178572
-68.0,100,81330.630344
-81.0,100,81371.154866
-95.0,100,81411.454847
-87.0,100,81451.906516
-64.0,100,81492.41894
-100.0,100,81532.882616
-72.0,100,81573.842916
-100.0,100,81614.643335
-100.0,100,81655.271361
-100.0,100,81695.811123
-100.0,100,81736.458772
-53.0,100,81776.786863
-100.0,100,81815.674457
-100.0,100,81854.698211
-100.0,100,81893.683068
-100.0,100,81932.598923
-67.0,100,81971.510962
-100.0,100,82010.554629
-88.0,100,82049.607018
-88.0,100,82088.68721
-84.0,100,82127.690173
-100.0,100,82166.942732
-100.0,100,82207.602274
-100.0,100,82248.282453
-100.0,100,82288.606484
-100.0,100,82329.462724
-48.0,100,82369.959026
-100.0,100,82410.927336
-100.0,100,82451.606469
-72.0,100,82492.018239
-91.0,100,82532.506441
-100.0,100,82572.891336
-95.0,100,82613.422398
-100.0,100,82654.146912
-100.0,100,82694.378838
-62.0,100,82734.734517
-100.0,100,82775.550561
-100.0,100,82816.41458
-100.0,100,82856.862514
-100.0,100,82897.386183
-100.0,100,82937.799037
-100.0,100,82978.574923
-71.0,100,83019.582642
-100.0,100,83059.974516
-100.0,100,83101.002792
-100.0,100,83141.530901
-82.0,100,83182.234244
-100.0,100,83222.85068
-73.0,100,83263.442829
-100.0,100,83304.471318
-91.0,100,83345.102264
-56.0,100,83385.782863
-100.0,100,83426.3546
-100.0,100,83466.666759
-100.0,100,83507.335065
-55.0,100,83547.582903
-75.0,100,83587.94224
-100.0,100,83628.546246
-63.0,100,83669.010604
-100.0,100,83709.447117
-100.0,100,83750.275422
-92.0,100,83790.750696
-100.0,100,83831.350766
-100.0,100,83871.978853
-100.0,100,83912.766313
-97.0,100,83953.214775
-100.0,100,83993.450215
-81.0,100,84033.866421
-89.0,100,84074.494862
-100.0,100,84115.686475
-42.0,100,84156.638862
-100.0,100,84196.934804
-100.0,100,84236.07875
-91.0,100,84275.259007
-86.0,100,84314.386978
-100.0,100,84353.335215
-100.0,100,84392.762207
-100.0,100,84431.998898
-100.0,100,84470.891349
-53.0,100,84510.166758
-31.0,100,84549.178148
-63.0,100,84588.218688
-100.0,100,84629.251227
-100.0,100,84669.567305
-100.0,100,84710.326261
-100.0,100,84750.874948
-100.0,100,84791.239303
-47.0,100,84832.211081
-100.0,100,84873.150727
-59.0,100,84913.558854
-100.0,100,84954.131193
-100.0,100,84995.142915
-100.0,100,85035.78309
-100.0,100,85076.198358
-100.0,100,85116.718703
-100.0,100,85157.326456
-99.0,100,85197.958568
-100.0,100,85238.471433
-100.0,100,85279.258628
-100.0,100,85320.43888
-100.0,100,85360.898245
-98.0,100,85401.499285
-100.0,100,85442.314873
-100.0,100,85483.750938
-90.0,100,85524.890463
-77.0,100,85565.970966
-100.0,100,85606.558503
-100.0,100,85647.147335
-100.0,100,85687.826408
-87.0,100,85728.374514
-76.0,100,85769.31849
-100.0,100,85810.314392
-100.0,100,85851.298192
-100.0,100,85891.894849
-100.0,100,85932.242533
-81.0,100,85972.883116
-100.0,100,86013.695274
-100.0,100,86054.446508
-81.0,100,86095.21419
-94.0,100,86135.970678
-100.0,100,86176.582857
-100.0,100,86217.979275
-68.0,100,86258.614562
-66.0,100,86299.30308
-94.0,100,86339.778788
-100.0,100,86380.658367
-100.0,100,86421.395148
-100.0,100,86462.139199
-100.0,100,86503.111332
-59.0,100,86543.602824
-100.0,100,86584.122716
-77.0,100,86624.398586
-100.0,100,86663.439298
-71.0,100,86702.730998
-100.0,100,86741.618408
-100.0,100,86780.738962
-100.0,100,86819.762375
-100.0,100,86858.787084
-100.0,100,86897.942299
-86.0,100,86937.162963
-74.0,100,86976.202892
-100.0,100,87015.458954
-100.0,100,87056.2906
-100.0,100,87096.910664
-100.0,100,87137.554806
-100.0,100,87178.20285
-46.0,100,87219.154601
-96.0,100,87260.203043
-100.0,100,87301.079051
-100.0,100,87342.183257
-100.0,100,87382.698647
-100.0,100,87423.446873
-90.0,100,87464.174964
-100.0,100,87504.902519
-74.0,100,87545.363163
-100.0,100,87585.811076
-100.0,100,87626.398338
-58.0,100,87666.974226
-85.0,100,87707.378544
-100.0,100,87747.850183
-76.0,100,87788.614519
-98.0,100,87829.622868
-100.0,100,87870.398295
-100.0,100,87911.382752
-100.0,100,87952.103154
-79.0,100,87992.758688
-97.0,100,88032.9307
-100.0,100,88073.486687
-42.0,100,88114.13501
-100.0,100,88155.350739
-100.0,100,88196.110542
-71.0,100,88236.771154
-89.0,100,88277.402789
-100.0,100,88318.498857
-100.0,100,88358.84247
-100.0,100,88399.102879
-43.0,100,88439.722589
-100.0,100,88480.283451
-85.0,100,88521.539151
-100.0,100,88562.111166
-80.0,100,88602.667024
-100.0,100,88643.103083
-100.0,100,88683.40703
-91.0,100,88724.14314
-100.0,100,88764.738962
-100.0,100,88805.639153
-100.0,100,88846.0271
-100.0,100,88886.902306
-100.0,100,88927.906416
-56.0,100,88968.750391
-100.0,100,89009.198573
-72.0,100,89049.387414
-100.0,100,89088.651236
-76.0,100,89127.722819
-37.0,100,89166.975153
-100.0,100,89205.978499
-100.0,100,89245.042372
-100.0,100,89283.979115
-60.0,100,89323.062751
-100.0,100,89362.114948
-56.0,100,89401.30671
-100.0,100,89440.282463
-68.0,100,89481.215402
-78.0,100,89521.770735
-58.0,100,89562.282897
-100.0,100,89602.8344
-57.0,100,89643.622295
-60.0,100,89684.226557
-100.0,100,89724.77485
-100.0,100,89765.262689
-100.0,100,89806.182518
-92.0,100,89846.503214
-100.0,100,89887.367161
-67.0,100,89928.138387
-100.0,100,89969.214531
-59.0,100,90010.042619
-84.0,100,90051.08289
-100.0,100,90091.334366
-100.0,100,90132.078707
-89.0,100,90172.667384
-94.0,100,90213.906432
-100.0,100,90254.699029
-60.0,100,90295.358786
-100.0,100,90335.970773
-100.0,100,90376.694457
-100.0,100,90417.466496
-100.0,100,90458.106955
-87.0,100,90498.667345
-62.0,100,90539.467029
-77.0,100,90580.110412
-100.0,100,90621.146932
-100.0,100,90661.982589
-100.0,100,90702.463173
-100.0,100,90743.5309
-100.0,100,90784.57083
-100.0,100,90825.278367
-88.0,100,90866.150594
-100.0,100,90906.622138
-100.0,100,90947.027179
-100.0,100,90987.998947
-100.0,100,91028.446866
-100.0,100,91069.442947
-71.0,100,91109.979061
-62.0,100,91150.431101
-100.0,100,91191.122983
-100.0,100,91231.999211
-100.0,100,91272.71431
-48.0,100,91313.342422
-75.0,100,91354.207202
-100.0,100,91394.670433
-100.0,100,91435.390924
-79.0,100,91476.007014
-100.0,100,91515.086256
-100.0,100,91554.05077
-100.0,100,91593.28302
-100.0,100,91632.342284
-64.0,100,91671.379054
-100.0,100,91710.550792
-100.0,100,91749.522425
-100.0,100,91788.69502
-86.0,100,91827.782641
-55.0,100,91866.762879
-100.0,100,91907.322455
-99.0,100,91947.791015
-54.0,100,91988.278917
-100.0,100,92029.570851
-100.0,100,92070.194124
-100.0,100,92110.618613
-100.0,100,92151.131251
-100.0,100,92191.471128
-100.0,100,92232.358584
-100.0,100,92272.894268
-65.0,100,92313.606664
-97.0,100,92354.271112
-64.0,100,92395.030208
-100.0,100,92435.70682
-100.0,100,92476.302575
-100.0,100,92517.110312
-75.0,100,92557.427224
-73.0,100,92598.306642
-100.0,100,92639.294882
-70.0,100,92679.895042
-68.0,100,92720.666502
-100.0,100,92761.663007
-87.0,100,92802.450287
-100.0,100,92843.179309
-95.0,100,92883.667264
-100.0,100,92924.182999
-100.0,100,92964.670799
-64.0,100,93005.390586
-68.0,100,93045.822392
-77.0,100,93086.470865
-100.0,100,93127.327061
-100.0,100,93168.162834
-51.0,100,93208.915116
-100.0,100,93249.466701
-100.0,100,93290.198928
-100.0,100,93330.726416
-92.0,100,93371.635037
-100.0,100,93412.86255
-100.0,100,93453.53055
-70.0,100,93494.382289
-100.0,100,93534.767043
-83.0,100,93575.926765
-100.0,100,93617.246861
-100.0,100,93658.538422
-83.0,100,93699.67485
-67.0,100,93740.566564
-100.0,100,93781.391182
-94.0,100,93822.162685
-100.0,100,93862.723081
-100.0,100,93903.37472
-99.0,100,93942.342248
-100.0,100,93981.626964
-100.0,100,94020.611041
-100.0,100,94059.678653
-100.0,100,94098.634432
-71.0,100,94137.635369
-100.0,100,94176.671252
-100.0,100,94215.751149
-100.0,100,94255.023105
-92.0,100,94294.11533
-100.0,100,94334.810777
-100.0,100,94375.631074
-100.0,100,94416.678609
-95.0,100,94457.658549
-100.0,100,94498.410463
-100.0,100,94539.262218
-44.0,100,94579.931574
-95.0,100,94621.00712
-81.0,100,94661.790976
-100.0,100,94702.49048
-100.0,100,94743.382928
-61.0,100,94784.690842
-100.0,100,94825.250631
-59.0,100,94865.810282
-94.0,100,94906.607002
-86.0,100,94947.766452
-100.0,100,94988.194851
-100.0,100,95029.062855
-53.0,100,95069.946962
-54.0,100,95110.843204
-100.0,100,95151.690192
-96.0,100,95192.646756
-100.0,100,95233.267056
-58.0,100,95274.122403
-100.0,100,95314.7464
-100.0,100,95355.818647
-79.0,100,95396.614944
-85.0,100,95437.422789
-37.0,100,95478.479105
-100.0,100,95519.647168
-100.0,100,95559.994448
-100.0,100,95600.962992
-100.0,100,95641.371308
-100.0,100,95682.126839
-100.0,100,95723.175136
-100.0,100,95764.658452
-100.0,100,95805.310874
-94.0,100,95845.84253
-100.0,100,95887.030396
-100.0,100,95927.910767
-76.0,100,95968.814828
-57.0,100,96009.551236
-100.0,100,96050.730536
-100.0,100,96091.462236
-100.0,100,96132.363263
-76.0,100,96172.778494
-100.0,100,96213.303263
-100.0,100,96253.882535
-72.0,100,96294.718863
-68.0,100,96335.44702
-100.0,100,96374.350886
-100.0,100,96413.258647
-100.0,100,96452.174594
-100.0,100,96491.198518
-69.0,100,96530.234959
-52.0,100,96569.187356
-100.0,100,96608.247161
-100.0,100,96647.254626
-24.0,100,96686.431208
